TP,OPP,DTS,PNL Long,PNL Short,PNL Totale,Max Drawdown,Win Rate %
0.4,0.1,0.1,146.5,64.0,210.5,307.0,70.0
0.4,0.1,0.15,165.25,72.75,238.0,290.5,70.0
0.4,0.1,0.2,158.5,57.5,216.0,312.5,70.0
0.4,0.1,0.25,151.75,82.0,233.75,307.25,70.0
0.4,0.1,0.3,145.0,71.0,216.0,325.0,70.0
0.5,0.125,0.1,106.75,110.88,217.62,359.25,80.0
0.5,0.125,0.15,93.25,101.62,194.88,382.0,80.0
0.5,0.125,0.2,79.75,93.5,173.25,403.62,80.0
0.5,0.125,0.25,66.25,82.5,148.75,428.12,60.0
0.5,0.125,0.3,52.75,71.5,124.25,452.62,60.0
0.6,0.15,0.1,231.0,147.75,378.75,421.5,70.0
0.6,0.15,0.15,217.5,140.25,357.75,442.5,70.0
0.6,0.15,0.2,204.0,132.75,336.75,463.5,70.0
0.6,0.15,0.25,190.5,125.25,315.75,484.5,70.0
0.6,0.15,0.3,183.75,125.25,309.0,506.25,70.0
0.7,0.175,0.1,52.62,73.62,126.25,412.75,70.0
0.7,0.175,0.15,47.88,64.5,112.38,435.38,70.0
0.7,0.175,0.2,34.38,61.5,95.88,460.62,70.0
0.7,0.175,0.25,20.88,49.75,70.62,485.88,70.0
0.7,0.175,0.3,7.38,38.0,45.38,511.12,70.0
0.7999999999999999,0.1999999999999999,0.1,-2.5,14.0,11.5,464.5,70.0
0.7999999999999999,0.1999999999999999,0.15,-14.25,0.5,-13.75,489.75,70.0
0.7999999999999999,0.1999999999999999,0.2,-26.0,-13.0,-39.0,515.0,70.0
0.7999999999999999,0.1999999999999999,0.25,-37.75,-26.5,-64.25,540.25,70.0
0.7999999999999999,0.1999999999999999,0.3,-49.5,-40.0,-89.5,565.5,70.0
0.8999999999999999,0.2249999999999999,0.1,39.0,-22.38,16.62,558.25,70.0
0.8999999999999999,0.2249999999999999,0.15,72.38,-34.12,38.25,547.88,70.0
0.8999999999999999,0.2249999999999999,0.2,62.38,-45.88,16.5,569.62,70.0
0.8999999999999999,0.2249999999999999,0.25,52.38,-57.62,-5.25,591.38,70.0
0.8999999999999999,0.2249999999999999,0.3,42.38,-69.38,-27.0,613.12,70.0
1.0,0.2499999999999999,0.1,106.25,-43.75,62.5,588.75,80.0
1.0,0.2499999999999999,0.15,96.25,-53.75,42.5,608.75,80.0
1.0,0.2499999999999999,0.2,86.25,6.75,93.0,578.25,80.0
1.0,0.2499999999999999,0.25,80.0,57.5,137.5,557.5,90.0
1.0,0.2499999999999999,0.3,68.25,52.5,120.75,574.25,90.0
1.1,0.2749999999999999,0.1,22.62,-135.0,-112.38,696.75,70.0
1.1,0.2749999999999999,0.15,12.62,-134.88,-122.25,706.62,70.0
1.1,0.2749999999999999,0.2,2.62,-149.12,-146.5,730.88,70.0
1.1,0.2749999999999999,0.25,-2.38,-163.38,-165.75,750.12,70.0
1.1,0.2749999999999999,0.3,-14.12,-170.25,-184.38,768.75,70.0
1.1999999999999995,0.2999999999999999,0.1,-16.5,-246.0,-262.5,825.0,50.0
1.1999999999999995,0.2999999999999999,0.15,-30.75,-260.25,-291.0,853.5,50.0
1.1999999999999995,0.2999999999999999,0.2,-45.0,-274.5,-319.5,882.0,50.0
1.1999999999999995,0.2999999999999999,0.25,-59.25,-288.75,-348.0,910.5,50.0
1.1999999999999995,0.2999999999999999,0.3,-69.0,-303.0,-372.0,934.5,50.0
1.2999999999999998,0.3249999999999999,0.1,20.25,-158.5,-138.25,845.12,60.0
1.2999999999999998,0.3249999999999999,0.15,6.0,-161.75,-155.75,862.62,60.0
1.2999999999999998,0.3249999999999999,0.2,-8.25,-101.12,-109.38,834.12,70.0
1.2999999999999998,0.3249999999999999,0.25,-22.5,-114.62,-137.12,861.88,60.0
1.2999999999999998,0.3249999999999999,0.3,-36.75,-128.12,-164.88,889.62,60.0
1.4,0.35,0.1,45.0,-186.0,-141.0,919.75,50.0
1.4,0.35,0.15,32.5,-200.25,-167.75,946.5,50.0
1.4,0.35,0.2,30.5,-214.5,-184.0,962.75,50.0
1.4,0.35,0.25,16.25,-211.25,-195.0,991.25,60.0
1.4,0.35,0.3,2.0,-225.5,-223.5,1019.75,50.0
1.4999999999999996,0.3749999999999999,0.1,37.12,-109.38,-72.25,972.25,60.0
1.4999999999999996,0.3749999999999999,0.15,22.88,-121.88,-99.0,999.0,60.0
1.4999999999999996,0.3749999999999999,0.2,8.62,-134.38,-125.75,1025.75,60.0
1.4999999999999996,0.3749999999999999,0.25,-5.62,-136.88,-142.5,1042.5,60.0
1.4999999999999996,0.3749999999999999,0.3,-19.88,-151.12,-171.0,1071.0,50.0
1.5999999999999996,0.3999999999999999,0.1,115.0,-195.0,-80.0,1050.0,60.0
1.5999999999999996,0.3999999999999999,0.15,102.5,-207.5,-105.0,1075.0,60.0
1.5999999999999996,0.3999999999999999,0.2,182.0,-220.0,-38.0,1028.0,70.0
1.5999999999999996,0.3999999999999999,0.25,172.0,-232.5,-60.5,1050.5,70.0
1.5999999999999996,0.3999999999999999,0.3,162.0,-245.0,-83.0,1073.0,70.0
1.6999999999999995,0.4249999999999999,0.1,134.38,-131.25,3.12,1112.5,80.0
1.6999999999999995,0.4249999999999999,0.15,121.88,-143.75,-21.88,1137.5,70.0
1.6999999999999995,0.4249999999999999,0.2,109.38,-156.25,-46.88,1162.5,70.0
1.6999999999999995,0.4249999999999999,0.25,96.88,-168.75,-71.88,1187.5,70.0
1.6999999999999995,0.4249999999999999,0.3,186.5,-181.25,5.25,1131.62,80.0
1.7999999999999998,0.4499999999999999,0.1,143.75,-238.75,-95.0,1208.75,70.0
1.7999999999999998,0.4499999999999999,0.15,131.25,-251.25,-120.0,1233.75,60.0
1.7999999999999998,0.4499999999999999,0.2,118.75,-263.75,-145.0,1258.75,60.0
1.7999999999999998,0.4499999999999999,0.25,106.25,-276.25,-170.0,1283.75,60.0
1.7999999999999998,0.4499999999999999,0.3,93.75,-288.75,-195.0,1308.75,60.0
1.9,0.4749999999999998,0.1,165.0,-123.5,41.5,1217.25,90.0
1.9,0.4749999999999998,0.15,152.5,-137.75,14.75,1244.0,80.0
1.9,0.4749999999999998,0.2,140.0,-128.25,11.75,1270.75,80.0
1.9,0.4749999999999998,0.25,127.5,-142.5,-15.0,1297.5,70.0
1.9,0.4749999999999998,0.3,115.0,-119.75,-4.75,1311.0,80.0
2.0,0.4999999999999999,0.1,162.5,-125.0,37.5,1312.5,80.0
2.0,0.4999999999999999,0.15,150.0,-137.5,12.5,1337.5,80.0
2.0,0.4999999999999999,0.2,137.5,-150.0,-12.5,1362.5,80.0
2.0,0.4999999999999999,0.25,150.0,-162.5,-12.5,1387.5,80.0
2.0,0.4999999999999999,0.3,137.5,-175.0,-37.5,1412.5,70.0
0.4,0.1,0.1,140.5,155.5,296.0,228.5,80.0
0.4,0.1,0.15,133.75,148.75,282.5,242.0,80.0
0.4,0.1,0.2,127.0,142.0,269.0,255.5,80.0
0.4,0.1,0.25,120.25,135.25,255.5,269.0,80.0
0.4,0.1,0.3,113.5,128.5,242.0,282.5,80.0
0.5,0.125,0.1,55.0,51.62,106.62,366.5,50.0
0.5,0.125,0.15,47.5,32.12,79.62,393.5,50.0
0.5,0.125,0.2,40.0,12.62,52.62,420.5,50.0
0.5,0.125,0.25,32.5,-6.88,25.62,447.5,50.0
0.5,0.125,0.3,25.0,-26.38,-1.38,474.5,50.0
0.6,0.15,0.1,5.0,110.25,115.25,462.25,50.0
0.6,0.15,0.15,-12.75,96.0,83.25,494.25,50.0
0.6,0.15,0.2,9.75,82.25,92.0,496.0,60.0
0.6,0.15,0.25,-3.75,66.25,62.5,525.5,60.0
0.6,0.15,0.3,-17.25,99.0,81.75,513.75,60.0
0.7,0.175,0.1,-54.75,75.62,20.88,495.38,60.0
0.7,0.175,0.15,-72.5,63.12,-9.38,525.62,50.0
0.7,0.175,0.2,-46.12,96.5,50.38,491.25,60.0
0.7,0.175,0.25,-11.25,86.5,75.25,484.75,70.0
0.7,0.175,0.3,-22.25,76.5,54.25,505.75,70.0
0.7999999999999999,0.1999999999999999,0.1,-115.5,30.0,-85.5,540.5,50.0
0.7999999999999999,0.1999999999999999,0.15,-125.0,17.5,-107.5,562.5,50.0
0.7999999999999999,0.1999999999999999,0.2,-141.0,5.0,-136.0,591.0,50.0
0.7999999999999999,0.1999999999999999,0.25,-104.75,-7.5,-112.25,586.25,60.0
0.7999999999999999,0.1999999999999999,0.3,-116.5,36.0,-80.5,565.5,60.0
0.8999999999999999,0.2249999999999999,0.1,-191.62,9.25,-182.38,582.88,50.0
0.8999999999999999,0.2249999999999999,0.15,-205.88,52.88,-153.0,564.75,60.0
0.8999999999999999,0.2249999999999999,0.2,-220.12,45.38,-174.75,586.5,60.0
0.8999999999999999,0.2249999999999999,0.25,-234.38,37.88,-196.5,608.25,60.0
0.8999999999999999,0.2249999999999999,0.3,-233.25,30.38,-202.88,625.88,60.0
1.0,0.2499999999999999,0.1,-172.25,69.0,-103.25,610.75,50.0
1.0,0.2499999999999999,0.15,-186.5,68.25,-118.25,625.75,50.0
1.0,0.2499999999999999,0.2,-134.0,54.75,-79.25,613.0,60.0
1.0,0.2499999999999999,0.25,-147.5,41.25,-106.25,640.0,60.0
1.0,0.2499999999999999,0.3,-161.0,94.0,-67.0,613.25,70.0
1.1,0.2749999999999999,0.1,-135.0,38.12,-96.88,708.75,60.0
1.1,0.2749999999999999,0.15,-83.62,22.12,-61.5,695.38,60.0
1.1,0.2749999999999999,0.2,-27.25,6.12,-21.12,668.75,70.0
1.1,0.2749999999999999,0.25,-34.75,-5.75,-40.5,688.12,70.0
1.1,0.2749999999999999,0.3,-42.25,-21.75,-64.0,711.62,70.0
1.1999999999999995,0.2999999999999999,0.1,-145.0,143.0,-2.0,737.0,70.0
1.1999999999999995,0.2999999999999999,0.15,-73.5,200.25,126.75,662.25,70.0
1.1999999999999995,0.2999999999999999,0.2,-83.5,199.0,115.5,673.5,70.0
1.1999999999999995,0.2999999999999999,0.25,-19.5,188.0,168.5,635.5,80.0
1.1999999999999995,0.2999999999999999,0.3,-27.0,177.0,150.0,654.0,80.0
1.2999999999999998,0.3249999999999999,0.1,-189.38,143.25,-46.12,801.75,60.0
1.2999999999999998,0.3249999999999999,0.15,-203.62,204.5,0.88,771.0,70.0
1.2999999999999998,0.3249999999999999,0.2,-217.88,189.25,-28.62,800.5,70.0
1.2999999999999998,0.3249999999999999,0.25,-153.0,174.0,21.0,768.75,70.0
1.2999999999999998,0.3249999999999999,0.3,-164.75,239.5,74.75,737.75,70.0
1.4,0.35,0.1,-112.75,122.0,9.25,823.75,70.0
1.4,0.35,0.15,-124.5,104.25,-20.25,853.25,70.0
1.4,0.35,0.2,-131.0,175.25,44.25,808.0,70.0
1.4,0.35,0.25,-142.75,246.0,103.25,766.5,70.0
1.4,0.35,0.3,-154.5,235.0,80.5,789.25,70.0
1.4999999999999996,0.3749999999999999,0.1,-210.12,84.0,-126.12,979.25,70.0
1.4999999999999996,0.3749999999999999,0.15,-226.12,154.12,-72.0,943.88,70.0
1.4999999999999996,0.3749999999999999,0.2,-167.0,142.38,-24.62,915.25,70.0
1.4999999999999996,0.3749999999999999,0.25,-178.75,220.0,41.25,879.38,80.0
1.4999999999999996,0.3749999999999999,0.3,-190.5,210.75,20.25,900.38,70.0
1.5999999999999996,0.3999999999999999,0.1,-119.5,122.0,2.5,979.5,80.0
1.5999999999999996,0.3999999999999999,0.15,-137.25,112.0,-25.25,1007.25,70.0
1.5999999999999996,0.3999999999999999,0.2,-76.0,102.0,26.0,976.0,70.0
1.5999999999999996,0.3999999999999999,0.25,-6.25,186.5,180.25,867.75,70.0
1.5999999999999996,0.3999999999999999,0.3,-15.5,179.0,163.5,884.5,70.0
1.6999999999999995,0.4249999999999999,0.1,-82.25,-3.75,-86.0,1116.62,70.0
1.6999999999999995,0.4249999999999999,0.15,-100.0,6.12,-93.88,1124.5,70.0
1.6999999999999995,0.4249999999999999,0.2,-96.5,89.0,-7.5,1080.62,70.0
1.6999999999999995,0.4249999999999999,0.25,-114.25,98.5,-15.75,1088.88,70.0
1.6999999999999995,0.4249999999999999,0.3,-40.62,86.75,46.12,1048.25,70.0
1.7999999999999998,0.4499999999999999,0.1,-2.25,90.75,88.5,1081.5,90.0
1.7999999999999998,0.4499999999999999,0.15,-15.75,159.0,143.25,1056.0,90.0
1.7999999999999998,0.4499999999999999,0.2,-29.25,149.0,119.75,1079.5,80.0
1.7999999999999998,0.4499999999999999,0.25,-42.75,139.0,96.25,1103.0,80.0
1.7999999999999998,0.4499999999999999,0.3,-56.25,170.25,114.0,1107.75,80.0
1.9,0.4749999999999998,0.1,105.0,65.38,170.38,1090.75,90.0
1.9,0.4749999999999998,0.15,95.75,75.0,170.75,1090.38,80.0
1.9,0.4749999999999998,0.2,86.5,57.25,143.75,1117.38,80.0
1.9,0.4749999999999998,0.25,77.25,39.5,116.75,1144.38,80.0
1.9,0.4749999999999998,0.3,68.0,120.88,188.88,1103.12,90.0
2.0,0.4999999999999999,0.1,-67.0,80.5,13.5,1189.0,60.0
2.0,0.4999999999999999,0.15,-80.5,72.0,-8.5,1211.0,60.0
2.0,0.4999999999999999,0.2,-94.0,56.0,-38.0,1240.5,60.0
2.0,0.4999999999999999,0.25,-107.5,40.0,-67.5,1270.0,60.0
2.0,0.4999999999999999,0.3,-121.0,38.5,-82.5,1285.0,60.0
0.4,0.1,0.1,205.5,152.0,357.5,241.0,80.0
0.4,0.1,0.15,198.75,169.25,368.0,237.0,90.0
0.4,0.1,0.2,192.0,195.0,387.0,224.5,100.0
0.4,0.1,0.25,218.25,192.5,410.75,205.75,100.0
0.4,0.1,0.3,255.0,225.5,480.5,146.5,100.0
0.5,0.125,0.1,196.5,209.88,406.38,277.38,90.0
0.5,0.125,0.15,189.75,201.38,391.12,292.62,80.0
0.5,0.125,0.2,218.62,192.88,411.5,279.12,90.0
0.5,0.125,0.25,255.0,184.38,439.38,259.38,100.0
0.5,0.125,0.3,255.0,175.88,430.88,267.88,100.0
0.6,0.15,0.1,153.5,164.75,318.25,332.75,80.0
0.6,0.15,0.15,148.5,159.75,308.25,342.75,80.0
0.6,0.15,0.2,144.0,195.5,339.5,319.0,90.0
0.6,0.15,0.25,137.25,236.25,373.5,297.0,100.0
0.6,0.15,0.3,130.5,236.25,366.75,303.75,100.0
0.7,0.175,0.1,180.5,121.5,302.0,289.5,90.0
0.7,0.175,0.15,178.0,112.25,290.25,301.25,90.0
0.7,0.175,0.2,175.5,103.0,278.5,313.0,90.0
0.7,0.175,0.25,173.0,93.75,266.75,324.75,90.0
0.7,0.175,0.3,170.5,135.38,305.88,294.38,90.0
0.7999999999999999,0.1999999999999999,0.1,23.5,117.5,141.0,379.0,90.0
0.7999999999999999,0.1999999999999999,0.15,52.0,115.5,167.5,362.5,90.0
0.7999999999999999,0.1999999999999999,0.2,89.0,107.0,196.0,345.0,90.0
0.7999999999999999,0.1999999999999999,0.25,82.25,98.5,180.75,360.25,80.0
0.7999999999999999,0.1999999999999999,0.3,132.0,90.0,222.0,332.0,90.0
0.8999999999999999,0.2249999999999999,0.1,51.75,30.38,82.12,438.75,80.0
0.8999999999999999,0.2249999999999999,0.15,98.62,64.5,163.12,381.38,80.0
0.8999999999999999,0.2249999999999999,0.2,94.38,66.5,160.88,394.88,80.0
0.8999999999999999,0.2249999999999999,0.25,90.12,63.12,153.25,402.5,80.0
0.8999999999999999,0.2249999999999999,0.3,85.88,52.12,138.0,417.75,80.0
1.0,0.2499999999999999,0.1,66.5,11.75,78.25,479.25,90.0
1.0,0.2499999999999999,0.15,59.75,-1.75,58.0,499.5,80.0
1.0,0.2499999999999999,0.2,58.5,-15.25,43.25,514.25,80.0
1.0,0.2499999999999999,0.25,110.0,31.25,141.25,455.0,80.0
1.0,0.2499999999999999,0.3,105.75,86.25,192.0,418.0,80.0
1.1,0.2749999999999999,0.1,-97.75,-46.62,-144.38,602.25,60.0
1.1,0.2749999999999999,0.15,-45.62,-54.12,-99.75,572.75,70.0
1.1,0.2749999999999999,0.2,11.5,-61.62,-50.12,538.25,80.0
1.1,0.2749999999999999,0.25,137.5,-0.25,137.25,403.12,90.0
1.1,0.2749999999999999,0.3,137.5,-5.25,132.25,408.12,90.0
1.1999999999999995,0.2999999999999999,0.1,-45.5,-33.5,-79.0,571.0,70.0
1.1999999999999995,0.2999999999999999,0.15,-54.75,-42.75,-97.5,589.5,70.0
1.1999999999999995,0.2999999999999999,0.2,-51.5,-52.0,-103.5,595.5,70.0
1.1999999999999995,0.2999999999999999,0.25,11.5,-61.25,-49.75,558.25,80.0
1.1999999999999995,0.2999999999999999,0.3,3.0,-70.5,-67.5,576.0,80.0
1.2999999999999998,0.3249999999999999,0.1,52.88,-77.38,-24.5,590.0,70.0
1.2999999999999998,0.3249999999999999,0.15,44.38,-86.0,-41.62,607.12,70.0
1.2999999999999998,0.3249999999999999,0.2,35.88,-99.5,-63.62,629.12,70.0
1.2999999999999998,0.3249999999999999,0.25,27.38,-108.12,-80.75,646.25,70.0
1.2999999999999998,0.3249999999999999,0.3,18.88,-121.62,-102.75,668.25,70.0
1.4,0.35,0.1,124.5,-67.25,57.25,588.5,70.0
1.4,0.35,0.15,122.0,-82.5,39.5,606.25,70.0
1.4,0.35,0.2,119.5,-97.75,21.75,624.0,70.0
1.4,0.35,0.25,201.25,-113.0,88.25,575.0,80.0
1.4,0.35,0.3,201.25,-128.25,73.0,590.25,80.0
1.4999999999999996,0.3749999999999999,0.1,-20.62,-131.75,-152.38,756.12,60.0
1.4999999999999996,0.3749999999999999,0.15,56.25,-147.0,-90.75,715.12,60.0
1.4999999999999996,0.3749999999999999,0.2,138.12,-144.88,-6.75,651.75,70.0
1.4999999999999996,0.3749999999999999,0.25,135.62,-161.88,-26.25,671.25,70.0
1.4999999999999996,0.3749999999999999,0.3,133.12,-178.88,-45.75,690.75,70.0
1.5999999999999996,0.3999999999999999,0.1,-147.5,-111.5,-259.0,901.0,50.0
1.5999999999999996,0.3999999999999999,0.15,-159.25,-103.25,-262.5,924.5,50.0
1.5999999999999996,0.3999999999999999,0.2,-98.0,-23.0,-121.0,841.0,60.0
1.5999999999999996,0.3999999999999999,0.25,-111.5,-32.25,-143.75,863.75,60.0
1.5999999999999996,0.3999999999999999,0.3,-28.0,-41.5,-69.5,811.5,70.0
1.6999999999999995,0.4249999999999999,0.1,-160.88,-224.0,-384.88,1022.38,50.0
1.6999999999999995,0.4249999999999999,0.15,-172.25,-217.0,-389.25,1048.0,50.0
1.6999999999999995,0.4249999999999999,0.2,-183.62,-195.75,-379.38,1059.38,50.0
1.6999999999999995,0.4249999999999999,0.25,-201.38,-211.75,-413.12,1093.12,50.0
1.6999999999999995,0.4249999999999999,0.3,-121.38,-104.38,-225.75,988.62,60.0
1.7999999999999998,0.4499999999999999,0.1,-159.25,-138.25,-297.5,1019.75,60.0
1.7999999999999998,0.4499999999999999,0.15,-153.0,-150.0,-303.0,1025.25,60.0
1.7999999999999998,0.4499999999999999,0.2,-172.5,-161.75,-334.25,1056.5,60.0
1.7999999999999998,0.4499999999999999,0.25,-192.0,-173.5,-365.5,1087.75,60.0
1.7999999999999998,0.4499999999999999,0.3,-104.25,-185.25,-289.5,1036.5,60.0
1.9,0.4749999999999998,0.1,-84.0,-301.62,-385.62,1100.5,50.0
1.9,0.4749999999999998,0.15,-79.0,-315.88,-394.88,1109.75,50.0
1.9,0.4749999999999998,0.2,-94.25,-306.25,-400.5,1115.38,50.0
1.9,0.4749999999999998,0.25,-109.5,-322.25,-431.75,1146.62,50.0
1.9,0.4749999999999998,0.3,-124.75,-338.25,-463.0,1177.88,50.0
2.0,0.4999999999999999,0.1,-95.5,-241.0,-336.5,1126.5,60.0
2.0,0.4999999999999999,0.15,-110.75,-255.25,-366.0,1156.0,60.0
2.0,0.4999999999999999,0.2,-126.0,-269.5,-395.5,1185.5,60.0
2.0,0.4999999999999999,0.25,-141.25,-283.75,-425.0,1215.0,50.0
2.0,0.4999999999999999,0.3,-156.5,-276.0,-432.5,1222.5,50.0
0.4,0.1,0.1,49.0,153.0,202.0,276.5,70.0
0.4,0.1,0.15,62.0,148.0,210.0,274.0,70.0
0.4,0.1,0.2,52.5,143.0,195.5,288.5,70.0
0.4,0.1,0.25,41.5,138.0,179.5,304.5,70.0
0.4,0.1,0.3,30.5,168.5,199.0,290.0,70.0
0.5,0.125,0.1,115.0,104.88,219.88,372.0,60.0
0.5,0.125,0.15,138.12,155.62,293.75,321.88,70.0
0.5,0.125,0.2,130.62,150.62,281.25,334.38,70.0
0.5,0.125,0.25,123.12,145.62,268.75,346.88,70.0
0.5,0.125,0.3,115.62,140.62,256.25,359.38,70.0
0.6,0.15,0.1,101.25,188.25,289.5,367.5,80.0
0.6,0.15,0.15,87.75,181.5,269.25,387.75,70.0
0.6,0.15,0.2,74.25,174.75,249.0,408.0,60.0
0.6,0.15,0.25,60.75,168.0,228.75,428.25,60.0
0.6,0.15,0.3,47.25,161.25,208.5,448.5,60.0
0.7,0.175,0.1,29.88,22.0,51.88,429.38,60.0
0.7,0.175,0.15,18.12,16.38,34.5,446.75,60.0
0.7,0.175,0.2,6.38,4.62,11.0,470.25,60.0
0.7,0.175,0.25,-5.38,-10.62,-16.0,497.25,60.0
0.7,0.175,0.3,-17.12,-25.88,-43.0,524.25,60.0
0.7999999999999999,0.1999999999999999,0.1,12.5,18.5,31.0,451.0,70.0
0.7999999999999999,0.1999999999999999,0.15,0.75,3.25,4.0,478.0,60.0
0.7999999999999999,0.1999999999999999,0.2,-11.0,-12.0,-23.0,505.0,60.0
0.7999999999999999,0.1999999999999999,0.25,-22.75,-27.25,-50.0,532.0,60.0
0.7999999999999999,0.1999999999999999,0.3,-34.5,-23.0,-57.5,559.5,60.0
0.8999999999999999,0.2249999999999999,0.1,22.62,-84.75,-62.12,575.12,50.0
0.8999999999999999,0.2249999999999999,0.15,10.88,-87.75,-76.88,601.12,50.0
0.8999999999999999,0.2249999999999999,0.2,3.38,-43.38,-40.0,583.38,60.0
0.8999999999999999,0.2249999999999999,0.25,-10.12,-53.38,-63.5,606.88,60.0
0.8999999999999999,0.2249999999999999,0.3,-23.62,-63.38,-87.0,630.38,60.0
1.0,0.2499999999999999,0.1,-65.75,-75.0,-140.75,653.25,60.0
1.0,0.2499999999999999,0.15,-81.75,-87.5,-169.25,681.75,60.0
1.0,0.2499999999999999,0.2,-97.75,-100.0,-197.75,710.25,60.0
1.0,0.2499999999999999,0.25,-53.75,-108.75,-162.5,688.75,60.0
1.0,0.2499999999999999,0.3,-28.0,-123.0,-151.0,714.75,70.0
1.1,0.2749999999999999,0.1,-24.88,-62.88,-87.75,670.75,70.0
1.1,0.2749999999999999,0.15,-36.62,-77.12,-113.75,696.75,70.0
1.1,0.2749999999999999,0.2,-48.38,-91.38,-139.75,722.75,70.0
1.1,0.2749999999999999,0.25,-60.12,-105.62,-165.75,748.75,50.0
1.1,0.2749999999999999,0.3,-71.88,-119.88,-191.75,774.75,50.0
1.1999999999999995,0.2999999999999999,0.1,-103.5,-47.5,-151.0,788.5,60.0
1.1999999999999995,0.2999999999999999,0.15,-117.75,-45.0,-162.75,815.25,70.0
1.1999999999999995,0.2999999999999999,0.2,-132.0,-57.5,-189.5,842.0,50.0
1.1999999999999995,0.2999999999999999,0.25,-141.75,-55.0,-196.75,864.25,50.0
1.1999999999999995,0.2999999999999999,0.3,-151.5,-52.5,-204.0,886.5,50.0
1.2999999999999998,0.3249999999999999,0.1,-101.62,-12.25,-113.88,837.0,60.0
1.2999999999999998,0.3249999999999999,0.15,-115.88,-26.5,-142.38,865.5,60.0
1.2999999999999998,0.3249999999999999,0.2,-130.12,-40.75,-170.88,894.0,60.0
1.2999999999999998,0.3249999999999999,0.25,-144.38,-38.75,-183.12,922.5,60.0
1.2999999999999998,0.3249999999999999,0.3,-158.62,28.62,-130.0,885.62,60.0
1.4,0.35,0.1,36.25,-107.25,-71.0,937.25,60.0
1.4,0.35,0.15,23.75,-121.5,-97.75,964.0,60.0
1.4,0.35,0.2,11.25,-135.75,-124.5,990.75,60.0
1.4,0.35,0.25,7.5,-150.0,-142.5,1008.75,60.0
1.4,0.35,0.3,-6.75,-164.25,-171.0,1037.25,60.0
1.4999999999999996,0.3749999999999999,0.1,234.0,-231.25,2.75,1066.0,70.0
1.4999999999999996,0.3749999999999999,0.15,219.75,-243.75,-24.0,1092.75,70.0
1.4999999999999996,0.3749999999999999,0.2,205.5,-256.25,-50.75,1119.5,70.0
1.4999999999999996,0.3749999999999999,0.25,191.25,-268.75,-77.5,1146.25,70.0
1.4999999999999996,0.3749999999999999,0.3,177.0,-281.25,-104.25,1173.0,60.0
1.5999999999999996,0.3999999999999999,0.1,163.5,-262.5,-99.0,1109.0,60.0
1.5999999999999996,0.3999999999999999,0.15,169.25,-276.75,-107.5,1137.5,60.0
1.5999999999999996,0.3999999999999999,0.2,175.0,-291.0,-116.0,1166.0,60.0
1.5999999999999996,0.3999999999999999,0.25,160.75,-210.75,-50.0,1142.0,60.0
1.5999999999999996,0.3999999999999999,0.3,146.5,-222.5,-76.0,1168.0,60.0
1.6999999999999995,0.4249999999999999,0.1,77.75,-372.0,-294.25,1165.5,60.0
1.6999999999999995,0.4249999999999999,0.15,63.5,-388.0,-324.5,1195.75,60.0
1.6999999999999995,0.4249999999999999,0.2,49.25,-404.0,-354.75,1226.0,60.0
1.6999999999999995,0.4249999999999999,0.25,35.0,-420.0,-385.0,1256.25,50.0
1.6999999999999995,0.4249999999999999,0.3,20.75,-418.88,-398.12,1269.38,60.0
1.7999999999999998,0.4499999999999999,0.1,125.5,-227.75,-102.25,1227.25,70.0
1.7999999999999998,0.4499999999999999,0.15,109.5,-237.0,-127.5,1252.5,70.0
1.7999999999999998,0.4499999999999999,0.2,93.5,-253.0,-159.5,1284.5,70.0
1.7999999999999998,0.4499999999999999,0.25,77.5,-269.0,-191.5,1316.5,70.0
1.7999999999999998,0.4499999999999999,0.3,61.5,-285.0,-223.5,1348.5,70.0
1.9,0.4749999999999998,0.1,3.62,-254.12,-250.5,1331.12,80.0
1.9,0.4749999999999998,0.15,-12.38,-213.75,-226.12,1342.38,80.0
1.9,0.4749999999999998,0.2,-28.38,-228.0,-256.38,1372.62,70.0
1.9,0.4749999999999998,0.25,-44.38,-242.25,-286.62,1402.88,70.0
1.9,0.4749999999999998,0.3,-60.38,-256.5,-316.88,1433.12,60.0
2.0,0.4999999999999999,0.1,171.5,-166.0,5.5,1332.0,80.0
2.0,0.4999999999999999,0.15,157.25,-155.25,2.0,1360.5,80.0
2.0,0.4999999999999999,0.2,161.0,-169.5,-8.5,1371.0,70.0
2.0,0.4999999999999999,0.25,145.0,-183.75,-38.75,1401.25,70.0
2.0,0.4999999999999999,0.3,129.0,-198.0,-69.0,1431.5,70.0
0.4,0.1,0.1,194.5,91.0,285.5,248.5,90.0
0.4,0.1,0.15,187.75,83.5,271.25,262.75,90.0
0.4,0.1,0.2,181.0,106.5,287.5,251.5,80.0
0.4,0.1,0.25,174.25,101.5,275.75,263.25,80.0
0.4,0.1,0.3,167.5,96.5,264.0,275.0,80.0
0.5,0.125,0.1,213.75,163.38,377.12,277.88,90.0
0.5,0.125,0.15,208.75,156.62,365.38,289.62,90.0
0.5,0.125,0.2,203.75,149.88,353.62,301.38,90.0
0.5,0.125,0.25,198.75,143.12,341.88,313.12,90.0
0.5,0.125,0.3,193.75,136.38,330.12,324.88,90.0
0.6,0.15,0.1,234.25,279.25,513.5,285.25,100.0
0.6,0.15,0.15,231.75,276.75,508.5,290.25,100.0
0.6,0.15,0.2,229.25,274.25,503.5,295.25,100.0
0.6,0.15,0.25,226.75,271.75,498.5,300.25,100.0
0.6,0.15,0.3,224.25,269.25,493.5,305.25,100.0
0.7,0.175,0.1,66.38,109.88,176.25,346.12,100.0
0.7,0.175,0.15,97.0,103.12,200.12,331.88,100.0
0.7,0.175,0.2,92.0,96.38,188.38,343.62,100.0
0.7,0.175,0.25,144.12,89.62,233.75,315.75,100.0
0.7,0.175,0.3,139.88,82.88,222.75,326.75,100.0
0.7999999999999999,0.1999999999999999,0.1,98.0,85.0,183.0,359.0,90.0
0.7999999999999999,0.1999999999999999,0.15,93.0,117.75,210.75,341.25,90.0
0.7999999999999999,0.1999999999999999,0.2,88.0,111.0,199.0,353.0,90.0
0.7999999999999999,0.1999999999999999,0.25,83.0,104.25,187.25,364.75,90.0
0.7999999999999999,0.1999999999999999,0.3,88.0,97.5,185.5,376.5,90.0
0.8999999999999999,0.2249999999999999,0.1,-32.25,143.0,110.75,455.12,90.0
0.8999999999999999,0.2249999999999999,0.15,-51.75,138.0,86.25,479.62,90.0
0.8999999999999999,0.2249999999999999,0.2,-71.25,144.25,73.0,504.12,90.0
0.8999999999999999,0.2249999999999999,0.25,-90.75,139.25,48.5,528.62,90.0
0.8999999999999999,0.2249999999999999,0.3,-49.88,134.25,84.38,504.0,90.0
1.0,0.2499999999999999,0.1,-59.5,28.0,-31.5,587.75,80.0
1.0,0.2499999999999999,0.15,-71.75,14.5,-57.25,613.5,80.0
1.0,0.2499999999999999,0.2,-82.25,56.75,-25.5,594.25,80.0
1.0,0.2499999999999999,0.25,-100.0,47.5,-52.5,621.25,80.0
1.0,0.2499999999999999,0.3,-103.25,50.75,-52.5,646.25,80.0
1.1,0.2749999999999999,0.1,-42.25,23.88,-18.38,655.0,70.0
1.1,0.2749999999999999,0.15,-56.5,10.38,-46.12,682.75,70.0
1.1,0.2749999999999999,0.2,-70.75,-3.12,-73.88,710.5,70.0
1.1,0.2749999999999999,0.25,-85.0,-16.62,-101.62,738.25,70.0
1.1,0.2749999999999999,0.3,-99.25,-30.12,-129.38,766.0,70.0
1.1999999999999995,0.2999999999999999,0.1,-85.0,-61.0,-146.0,761.0,60.0
1.1999999999999995,0.2999999999999999,0.15,-97.5,-78.75,-176.25,791.25,60.0
1.1999999999999995,0.2999999999999999,0.2,-102.0,-92.0,-194.0,809.0,60.0
1.1999999999999995,0.2999999999999999,0.25,-116.25,-109.75,-226.0,841.0,60.0
1.1999999999999995,0.2999999999999999,0.3,-130.5,-99.0,-229.5,859.5,50.0
1.2999999999999998,0.3249999999999999,0.1,-122.5,-11.12,-133.62,824.25,60.0
1.2999999999999998,0.3249999999999999,0.15,-135.0,-17.88,-152.88,843.5,70.0
1.2999999999999998,0.3249999999999999,0.2,-147.5,-37.38,-184.88,875.5,60.0
1.2999999999999998,0.3249999999999999,0.25,-160.0,-49.38,-209.38,900.0,60.0
1.2999999999999998,0.3249999999999999,0.3,-172.5,-70.62,-243.12,933.75,60.0
1.4,0.35,0.1,-95.0,-9.25,-104.25,883.0,70.0
1.4,0.35,0.15,-90.0,-27.0,-117.0,913.25,70.0
1.4,0.35,0.2,-102.5,-44.75,-147.25,943.5,70.0
1.4,0.35,0.25,-115.0,4.0,-111.0,959.75,70.0
1.4,0.35,0.3,-127.5,-15.5,-143.0,991.75,70.0
1.4999999999999996,0.3749999999999999,0.1,-268.75,18.38,-250.38,1000.38,70.0
1.4999999999999996,0.3749999999999999,0.15,-262.5,4.12,-258.38,1008.38,70.0
1.4999999999999996,0.3749999999999999,0.2,-256.25,8.62,-247.62,1025.75,70.0
1.4999999999999996,0.3749999999999999,0.25,-268.75,-5.62,-274.38,1052.5,70.0
1.4999999999999996,0.3749999999999999,0.3,-281.25,-19.88,-301.12,1079.25,60.0
1.5999999999999996,0.3999999999999999,0.1,-215.0,-35.0,-250.0,1100.0,70.0
1.5999999999999996,0.3999999999999999,0.15,-227.5,-47.5,-275.0,1125.0,70.0
1.5999999999999996,0.3999999999999999,0.2,-207.0,-60.0,-267.0,1137.0,70.0
1.5999999999999996,0.3999999999999999,0.25,-215.25,-52.5,-267.75,1157.75,70.0
1.5999999999999996,0.3999999999999999,0.3,-229.5,-65.0,-294.5,1184.5,70.0
1.6999999999999995,0.4249999999999999,0.1,-102.88,-56.88,-159.75,1147.88,70.0
1.6999999999999995,0.4249999999999999,0.15,-117.12,-69.38,-186.5,1174.62,70.0
1.6999999999999995,0.4249999999999999,0.2,-131.38,-81.88,-213.25,1201.38,70.0
1.6999999999999995,0.4249999999999999,0.25,-145.62,-94.38,-240.0,1228.12,70.0
1.6999999999999995,0.4249999999999999,0.3,-159.88,-106.88,-266.75,1254.88,70.0
1.7999999999999998,0.4499999999999999,0.1,8.0,-103.75,-95.75,1144.25,70.0
1.7999999999999998,0.4499999999999999,0.15,-3.75,-116.25,-120.0,1168.5,70.0
1.7999999999999998,0.4499999999999999,0.2,-15.5,-128.75,-144.25,1192.75,70.0
1.7999999999999998,0.4499999999999999,0.25,-27.25,-141.25,-168.5,1217.0,60.0
1.7999999999999998,0.4499999999999999,0.3,-39.0,-153.75,-192.75,1241.25,60.0
1.9,0.4749999999999998,0.1,-184.0,-191.25,-375.25,1242.12,60.0
1.9,0.4749999999999998,0.15,-200.0,-203.75,-403.75,1270.62,60.0
1.9,0.4749999999999998,0.2,-216.0,-216.25,-432.25,1299.12,60.0
1.9,0.4749999999999998,0.25,-232.0,-228.75,-460.75,1327.62,60.0
1.9,0.4749999999999998,0.3,-248.0,-241.25,-489.25,1356.12,60.0
2.0,0.4999999999999999,0.1,-171.0,-91.0,-262.0,1274.5,70.0
2.0,0.4999999999999999,0.15,-185.25,-105.25,-290.5,1303.0,70.0
2.0,0.4999999999999999,0.2,-199.5,-119.5,-319.0,1331.5,60.0
2.0,0.4999999999999999,0.25,-190.0,-133.75,-323.75,1336.25,60.0
2.0,0.4999999999999999,0.3,-206.0,-148.0,-354.0,1366.5,60.0
0.4,0.1,0.1,55.0,127.5,182.5,266.0,70.0
0.4,0.1,0.15,45.75,118.25,164.0,284.5,70.0
0.4,0.1,0.2,36.5,109.0,145.5,303.0,70.0
0.4,0.1,0.25,27.25,99.75,127.0,321.5,70.0
0.4,0.1,0.3,18.0,90.5,108.5,340.0,70.0
0.5,0.125,0.1,113.12,216.88,330.0,308.12,70.0
0.5,0.125,0.15,105.62,211.88,317.5,320.62,70.0
0.5,0.125,0.2,133.75,206.88,340.62,303.75,80.0
0.5,0.125,0.25,128.75,201.88,330.62,313.75,70.0
0.5,0.125,0.3,123.75,196.88,320.62,323.75,70.0
0.6,0.15,0.1,99.25,72.0,171.25,401.0,60.0
0.6,0.15,0.15,90.0,58.5,148.5,423.75,60.0
0.6,0.15,0.2,80.75,47.25,128.0,444.25,60.0
0.6,0.15,0.25,71.5,33.75,105.25,467.0,60.0
0.6,0.15,0.3,62.25,20.25,82.5,489.75,60.0
0.7,0.175,0.1,21.75,113.62,135.38,359.88,90.0
0.7,0.175,0.15,12.5,106.12,118.62,376.62,90.0
0.7,0.175,0.2,3.25,144.5,147.75,357.12,90.0
0.7,0.175,0.25,-6.0,139.5,133.5,371.38,80.0
0.7,0.175,0.3,-15.25,134.5,119.25,385.62,80.0
0.7999999999999999,0.1999999999999999,0.1,-43.0,57.0,14.0,453.0,80.0
0.7999999999999999,0.1999999999999999,0.15,-56.5,98.0,41.5,446.5,80.0
0.7999999999999999,0.1999999999999999,0.2,-70.0,93.0,23.0,465.0,80.0
0.7999999999999999,0.1999999999999999,0.25,-83.5,88.0,4.5,483.5,80.0
0.7999999999999999,0.1999999999999999,0.3,-97.0,83.0,-14.0,502.0,80.0
0.8999999999999999,0.2249999999999999,0.1,-14.62,94.5,79.88,469.12,90.0
0.8999999999999999,0.2249999999999999,0.15,-28.12,87.75,59.62,489.38,90.0
0.8999999999999999,0.2249999999999999,0.2,-41.62,81.0,39.38,509.62,90.0
0.8999999999999999,0.2249999999999999,0.25,-55.12,74.25,19.12,529.88,80.0
0.8999999999999999,0.2249999999999999,0.3,-7.5,67.5,60.0,518.25,90.0
1.0,0.2499999999999999,0.1,84.0,24.5,108.5,545.25,70.0
1.0,0.2499999999999999,0.15,74.75,9.25,84.0,569.75,70.0
1.0,0.2499999999999999,0.2,65.5,-6.0,59.5,594.25,70.0
1.0,0.2499999999999999,0.25,68.75,-5.0,63.75,615.0,70.0
1.0,0.2499999999999999,0.3,59.5,-20.25,39.25,639.5,70.0
1.1,0.2749999999999999,0.1,50.75,16.75,67.5,642.0,80.0
1.1,0.2749999999999999,0.15,39.0,-1.0,38.0,671.5,80.0
1.1,0.2749999999999999,0.2,27.25,-18.75,8.5,701.0,70.0
1.1,0.2749999999999999,0.25,15.5,-36.5,-21.0,730.5,70.0
1.1,0.2749999999999999,0.3,3.75,-54.25,-50.5,760.0,70.0
1.1999999999999995,0.2999999999999999,0.1,-41.0,43.0,2.0,734.5,70.0
1.1999999999999995,0.2999999999999999,0.15,-36.0,27.0,-9.0,760.5,70.0
1.1999999999999995,0.2999999999999999,0.2,-46.0,11.0,-35.0,786.5,60.0
1.1999999999999995,0.2999999999999999,0.25,-49.75,-5.0,-54.75,806.25,60.0
1.1999999999999995,0.2999999999999999,0.3,-52.5,-21.0,-73.5,825.0,60.0
1.2999999999999998,0.3249999999999999,0.1,-108.38,127.88,19.5,776.75,70.0
1.2999999999999998,0.3249999999999999,0.15,-108.5,117.88,9.38,786.88,70.0
1.2999999999999998,0.3249999999999999,0.2,-126.25,107.88,-18.38,814.62,70.0
1.2999999999999998,0.3249999999999999,0.25,-144.0,97.88,-46.12,842.38,70.0
1.2999999999999998,0.3249999999999999,0.3,-161.75,87.88,-73.88,870.12,70.0
1.4,0.35,0.1,-96.75,123.5,26.75,813.25,70.0
1.4,0.35,0.15,-112.75,111.75,-1.0,841.0,70.0
1.4,0.35,0.2,-128.75,100.0,-28.75,868.75,70.0
1.4,0.35,0.25,-144.75,163.75,19.0,843.75,80.0
1.4,0.35,0.3,-160.75,156.25,-4.5,867.25,80.0
1.4999999999999996,0.3749999999999999,0.1,-144.5,72.12,-72.38,878.62,60.0
1.4999999999999996,0.3749999999999999,0.15,-160.5,60.38,-100.12,906.38,60.0
1.4999999999999996,0.3749999999999999,0.2,-176.5,48.62,-127.88,934.12,60.0
1.4999999999999996,0.3749999999999999,0.25,-192.5,36.88,-155.62,961.88,60.0
1.4999999999999996,0.3749999999999999,0.3,-208.5,25.12,-183.38,989.62,60.0
1.5999999999999996,0.3999999999999999,0.1,-51.5,11.0,-40.5,860.5,70.0
1.5999999999999996,0.3999999999999999,0.15,-63.25,-2.5,-65.75,885.75,60.0
1.5999999999999996,0.3999999999999999,0.2,-75.0,-16.0,-91.0,911.0,60.0
1.5999999999999996,0.3999999999999999,0.25,-86.75,-29.5,-116.25,936.25,60.0
1.5999999999999996,0.3999999999999999,0.3,-98.5,-43.0,-141.5,961.5,60.0
1.6999999999999995,0.4249999999999999,0.1,-43.38,94.88,51.5,957.88,80.0
1.6999999999999995,0.4249999999999999,0.15,-57.62,79.62,22.0,987.38,80.0
1.6999999999999995,0.4249999999999999,0.2,-71.88,64.38,-7.5,1016.88,70.0
1.6999999999999995,0.4249999999999999,0.25,-86.12,49.12,-37.0,1046.38,70.0
1.6999999999999995,0.4249999999999999,0.3,-100.38,33.88,-66.5,1075.88,70.0
1.7999999999999998,0.4499999999999999,0.1,-66.75,42.75,-24.0,1050.0,70.0
1.7999999999999998,0.4499999999999999,0.15,-81.0,29.25,-51.75,1077.75,70.0
1.7999999999999998,0.4499999999999999,0.2,-95.25,31.25,-64.0,1090.0,70.0
1.7999999999999998,0.4499999999999999,0.25,-109.5,16.0,-93.5,1119.5,70.0
1.7999999999999998,0.4499999999999999,0.3,-123.75,0.75,-123.0,1149.0,70.0
1.9,0.4749999999999998,0.1,-111.62,-16.62,-128.25,1197.0,80.0
1.9,0.4749999999999998,0.15,-125.88,-30.88,-156.75,1225.5,80.0
1.9,0.4749999999999998,0.2,-140.12,-21.25,-161.38,1230.12,80.0
1.9,0.4749999999999998,0.25,-154.38,-37.25,-191.62,1260.38,80.0
1.9,0.4749999999999998,0.3,-168.62,-40.0,-208.62,1277.38,80.0
2.0,0.4999999999999999,0.1,-94.5,86.5,-8.0,1145.5,80.0
2.0,0.4999999999999999,0.15,-110.5,74.75,-35.75,1173.25,80.0
2.0,0.4999999999999999,0.2,-126.5,63.0,-63.5,1201.0,80.0
2.0,0.4999999999999999,0.25,-142.5,51.25,-91.25,1228.75,80.0
2.0,0.4999999999999999,0.3,-158.5,39.5,-119.0,1256.5,80.0
0.4,0.1,0.1,132.0,101.5,233.5,236.5,80.0
0.4,0.1,0.15,153.5,124.5,278.0,204.5,90.0
0.4,0.1,0.2,151.0,122.0,273.0,209.5,90.0
0.4,0.1,0.25,148.5,152.5,301.0,197.0,90.0
0.4,0.1,0.3,146.0,152.5,298.5,199.5,90.0
0.5,0.125,0.1,47.0,6.75,53.75,378.12,60.0
0.5,0.125,0.15,29.25,-6.75,22.5,409.38,50.0
0.5,0.125,0.2,11.5,-20.25,-8.75,440.62,50.0
0.5,0.125,0.25,34.38,-33.75,0.62,441.25,60.0
0.5,0.125,0.3,65.75,34.0,99.75,369.0,70.0
0.6,0.15,0.1,65.25,61.25,126.5,477.25,60.0
0.6,0.15,0.15,51.0,43.5,94.5,509.25,60.0
0.6,0.15,0.2,133.25,25.75,159.0,475.5,60.0
0.6,0.15,0.25,124.0,15.5,139.5,502.5,60.0
0.6,0.15,0.3,114.75,-2.25,112.5,529.5,60.0
0.7,0.175,0.1,-76.62,3.0,-73.62,471.75,50.0
0.7,0.175,0.15,-82.12,-13.0,-95.12,502.0,50.0
0.7,0.175,0.2,-87.62,-29.0,-116.62,532.25,50.0
0.7,0.175,0.25,-101.88,-45.0,-146.88,562.5,50.0
0.7,0.175,0.3,-61.75,-8.38,-70.12,512.88,60.0
0.7999999999999999,0.1999999999999999,0.1,-63.5,-13.5,-77.0,537.0,50.0
0.7999999999999999,0.1999999999999999,0.15,-77.75,-27.75,-105.5,565.5,50.0
0.7999999999999999,0.1999999999999999,0.2,-92.0,-42.0,-134.0,594.0,50.0
0.7999999999999999,0.1999999999999999,0.25,-106.25,-56.25,-162.5,622.5,50.0
0.7999999999999999,0.1999999999999999,0.3,-110.5,-70.5,-181.0,651.0,50.0
0.8999999999999999,0.2249999999999999,0.1,-63.88,-28.0,-91.88,531.75,60.0
0.8999999999999999,0.2249999999999999,0.15,-73.88,-39.75,-113.62,553.5,60.0
0.8999999999999999,0.2249999999999999,0.2,-83.88,-51.5,-135.38,575.25,60.0
0.8999999999999999,0.2249999999999999,0.25,-93.88,-63.25,-157.12,597.0,60.0
0.8999999999999999,0.2249999999999999,0.3,-103.88,-75.0,-178.88,618.75,60.0
1.0,0.2499999999999999,0.1,125.0,-72.25,52.75,534.75,80.0
1.0,0.2499999999999999,0.15,120.0,-35.0,85.0,528.75,80.0
1.0,0.2499999999999999,0.2,115.0,20.0,135.0,496.25,80.0
1.0,0.2499999999999999,0.25,110.0,16.25,126.25,505.0,80.0
1.0,0.2499999999999999,0.3,105.0,71.25,176.25,468.75,80.0
1.1,0.2749999999999999,0.1,2.38,-107.62,-105.25,696.5,60.0
1.1,0.2749999999999999,0.15,54.38,-123.62,-69.25,678.38,60.0
1.1,0.2749999999999999,0.2,45.0,-139.62,-94.62,703.75,60.0
1.1,0.2749999999999999,0.25,100.38,-155.62,-55.25,678.12,70.0
1.1,0.2749999999999999,0.3,89.38,-171.62,-82.25,705.12,70.0
1.1999999999999995,0.2999999999999999,0.1,-47.0,-116.0,-163.0,734.5,60.0
1.1999999999999995,0.2999999999999999,0.15,-63.0,-57.0,-120.0,723.0,60.0
1.1999999999999995,0.2999999999999999,0.2,-15.5,-64.5,-80.0,698.0,60.0
1.1999999999999995,0.2999999999999999,0.25,-27.25,-72.0,-99.25,717.25,60.0
1.1999999999999995,0.2999999999999999,0.3,-39.0,-79.5,-118.5,736.5,60.0
1.2999999999999998,0.3249999999999999,0.1,57.88,-122.62,-64.75,683.88,70.0
1.2999999999999998,0.3249999999999999,0.15,48.62,-134.38,-85.75,704.88,70.0
1.2999999999999998,0.3249999999999999,0.2,39.38,-146.12,-106.75,725.88,70.0
1.2999999999999998,0.3249999999999999,0.25,30.12,-157.88,-127.75,746.88,70.0
1.2999999999999998,0.3249999999999999,0.3,20.88,-169.62,-148.75,767.88,70.0
1.4,0.35,0.1,93.5,-65.5,28.0,770.0,70.0
1.4,0.35,0.15,103.5,-54.5,49.0,749.0,70.0
1.4,0.35,0.2,106.5,-68.0,38.5,759.5,70.0
1.4,0.35,0.25,97.25,-81.5,15.75,782.25,70.0
1.4,0.35,0.3,88.0,-95.0,-7.0,805.0,70.0
1.4999999999999996,0.3749999999999999,0.1,133.0,-112.88,20.12,936.12,80.0
1.4999999999999996,0.3749999999999999,0.15,117.0,-127.12,-10.12,966.38,80.0
1.4999999999999996,0.3749999999999999,0.2,101.0,-129.62,-28.62,984.88,80.0
1.4999999999999996,0.3749999999999999,0.25,174.38,-66.25,108.12,885.62,80.0
1.4999999999999996,0.3749999999999999,0.3,160.88,-69.75,91.12,902.62,70.0
1.5999999999999996,0.3999999999999999,0.1,181.0,-55.5,125.5,906.5,80.0
1.5999999999999996,0.3999999999999999,0.15,167.5,-73.25,94.25,937.75,80.0
1.5999999999999996,0.3999999999999999,0.2,166.0,-91.0,75.0,957.0,80.0
1.5999999999999996,0.3999999999999999,0.25,152.5,-108.75,43.75,988.25,80.0
1.5999999999999996,0.3999999999999999,0.3,139.0,-126.5,12.5,1019.5,80.0
1.6999999999999995,0.4249999999999999,0.1,42.38,-92.25,-49.88,1059.25,70.0
1.6999999999999995,0.4249999999999999,0.15,26.38,-64.0,-37.62,1089.5,70.0
1.6999999999999995,0.4249999999999999,0.2,37.38,-78.25,-40.88,1092.75,80.0
1.6999999999999995,0.4249999999999999,0.25,26.0,-92.5,-66.5,1118.38,80.0
1.6999999999999995,0.4249999999999999,0.3,8.25,-106.75,-98.5,1150.38,70.0
1.7999999999999998,0.4499999999999999,0.1,50.25,-40.25,10.0,1081.25,80.0
1.7999999999999998,0.4499999999999999,0.15,36.0,-50.25,-14.25,1105.5,80.0
1.7999999999999998,0.4499999999999999,0.2,37.25,-60.25,-23.0,1114.25,80.0
1.7999999999999998,0.4499999999999999,0.25,21.25,-70.25,-49.0,1140.25,80.0
1.7999999999999998,0.4499999999999999,0.3,17.25,-80.25,-63.0,1154.25,80.0
1.9,0.4749999999999998,0.1,90.25,-160.12,-69.88,1186.12,80.0
1.9,0.4749999999999998,0.15,76.0,-170.12,-94.12,1210.38,80.0
1.9,0.4749999999999998,0.2,61.75,-180.12,-118.38,1234.62,80.0
1.9,0.4749999999999998,0.25,47.5,-190.12,-142.62,1258.88,80.0
1.9,0.4749999999999998,0.3,46.5,-200.12,-153.62,1269.88,80.0
2.0,0.4999999999999999,0.1,171.5,-325.0,-153.5,1328.5,70.0
2.0,0.4999999999999999,0.15,157.25,-310.25,-153.0,1328.0,70.0
2.0,0.4999999999999999,0.2,161.0,-324.5,-163.5,1338.5,70.0
2.0,0.4999999999999999,0.25,145.0,-338.75,-193.75,1368.75,70.0
2.0,0.4999999999999999,0.3,232.0,-353.0,-121.0,1336.0,70.0
0.4,0.1,0.1,105.0,64.0,169.0,299.5,50.0
0.4,0.1,0.15,95.75,46.25,142.0,326.5,50.0
0.4,0.1,0.2,86.5,28.5,115.0,353.5,50.0
0.4,0.1,0.25,77.25,10.75,88.0,380.5,50.0
0.4,0.1,0.3,68.0,-7.0,61.0,407.5,50.0
0.5,0.125,0.1,131.12,109.38,240.5,415.75,50.0
0.5,0.125,0.15,115.12,130.0,245.12,418.0,60.0
0.5,0.125,0.2,99.12,120.0,219.12,444.0,60.0
0.5,0.125,0.25,83.12,110.0,193.12,470.0,60.0
0.5,0.125,0.3,67.12,100.0,167.12,496.0,60.0
0.6,0.15,0.1,18.5,84.0,102.5,467.5,60.0
0.6,0.15,0.15,6.75,69.75,76.5,493.5,60.0
0.6,0.15,0.2,-5.0,55.5,50.5,519.5,60.0
0.6,0.15,0.25,-16.75,84.5,67.75,514.25,60.0
0.6,0.15,0.3,-28.5,72.75,44.25,537.75,60.0
0.7,0.175,0.1,-18.25,37.75,19.5,432.0,60.0
0.7,0.175,0.15,9.88,71.12,81.0,397.62,70.0
0.7,0.175,0.2,2.38,63.62,66.0,412.62,70.0
0.7,0.175,0.25,-5.12,58.75,53.62,425.0,70.0
0.7,0.175,0.3,-12.62,109.12,96.5,413.62,70.0
0.7999999999999999,0.1999999999999999,0.1,-58.0,37.5,-20.5,435.5,70.0
0.7999999999999999,0.1999999999999999,0.15,-65.5,25.75,-39.75,454.75,70.0
0.7999999999999999,0.1999999999999999,0.2,-73.0,14.0,-59.0,474.0,70.0
0.7999999999999999,0.1999999999999999,0.25,-80.5,2.25,-78.25,493.25,70.0
0.7999999999999999,0.1999999999999999,0.3,-88.0,-9.5,-97.5,512.5,70.0
0.8999999999999999,0.2249999999999999,0.1,-52.75,178.5,125.75,485.12,70.0
0.8999999999999999,0.2249999999999999,0.15,-49.12,171.0,121.88,489.0,70.0
0.8999999999999999,0.2249999999999999,0.2,-9.12,163.5,154.38,468.88,80.0
0.8999999999999999,0.2249999999999999,0.25,-20.12,156.0,135.88,487.38,80.0
0.8999999999999999,0.2249999999999999,0.3,-31.12,148.5,117.38,505.88,80.0
1.0,0.2499999999999999,0.1,-91.0,81.5,-9.5,573.25,80.0
1.0,0.2499999999999999,0.15,-102.75,69.75,-33.0,596.75,70.0
1.0,0.2499999999999999,0.2,-109.0,58.0,-51.0,614.75,60.0
1.0,0.2499999999999999,0.25,-118.75,46.25,-72.5,636.25,60.0
1.0,0.2499999999999999,0.3,-69.75,100.75,31.0,557.75,70.0
1.1,0.2749999999999999,0.1,-220.38,119.62,-100.75,678.25,60.0
1.1,0.2749999999999999,0.15,-232.25,108.62,-123.62,701.12,60.0
1.1,0.2749999999999999,0.2,-248.25,157.25,-91.0,686.38,60.0
1.1,0.2749999999999999,0.25,-264.25,150.5,-113.75,709.12,60.0
1.1,0.2749999999999999,0.3,-212.12,143.75,-68.38,700.88,70.0
1.1999999999999995,0.2999999999999999,0.1,-179.5,98.0,-81.5,743.0,70.0
1.1999999999999995,0.2999999999999999,0.15,-191.25,105.75,-85.5,747.0,70.0
1.1999999999999995,0.2999999999999999,0.2,-203.0,90.5,-112.5,774.0,70.0
1.1999999999999995,0.2999999999999999,0.25,-199.75,75.25,-124.5,801.0,70.0
1.1999999999999995,0.2999999999999999,0.3,-207.0,60.0,-147.0,823.5,70.0
1.2999999999999998,0.3249999999999999,0.1,-251.12,95.38,-155.75,887.0,70.0
1.2999999999999998,0.3249999999999999,0.15,-191.25,159.5,-31.75,813.38,70.0
1.2999999999999998,0.3249999999999999,0.2,-193.75,152.0,-41.75,823.38,70.0
1.2999999999999998,0.3249999999999999,0.25,-207.25,152.0,-55.25,836.88,70.0
1.2999999999999998,0.3249999999999999,0.3,-220.75,142.75,-78.0,859.62,70.0
1.4,0.35,0.1,-201.75,93.75,-108.0,878.0,60.0
1.4,0.35,0.15,-217.75,80.25,-137.5,907.5,60.0
1.4,0.35,0.2,-233.75,66.75,-167.0,937.0,60.0
1.4,0.35,0.25,-249.75,70.75,-179.0,966.5,60.0
1.4,0.35,0.3,-179.0,57.25,-121.75,926.75,70.0
1.4999999999999996,0.3749999999999999,0.1,-88.25,81.5,-6.75,878.62,60.0
1.4999999999999996,0.3749999999999999,0.15,-90.75,69.75,-21.0,892.88,60.0
1.4999999999999996,0.3749999999999999,0.2,-108.5,58.0,-50.5,922.38,60.0
1.4999999999999996,0.3749999999999999,0.25,-46.88,56.25,9.38,881.25,70.0
1.4999999999999996,0.3749999999999999,0.3,31.5,42.75,74.25,837.0,80.0
1.5999999999999996,0.3999999999999999,0.1,-129.5,122.0,-7.5,927.5,60.0
1.5999999999999996,0.3999999999999999,0.15,-147.25,112.0,-35.25,955.25,60.0
1.5999999999999996,0.3999999999999999,0.2,-165.0,102.0,-63.0,983.0,60.0
1.5999999999999996,0.3999999999999999,0.25,-171.5,92.0,-79.5,999.5,60.0
1.5999999999999996,0.3999999999999999,0.3,-191.0,82.0,-109.0,1029.0,60.0
1.6999999999999995,0.4249999999999999,0.1,-156.0,41.62,-114.38,1070.62,60.0
1.6999999999999995,0.4249999999999999,0.15,-141.5,48.62,-92.88,1070.38,60.0
1.6999999999999995,0.4249999999999999,0.2,-157.5,34.38,-123.12,1100.62,60.0
1.6999999999999995,0.4249999999999999,0.25,-173.5,20.12,-153.38,1130.88,50.0
1.6999999999999995,0.4249999999999999,0.3,-168.25,5.88,-162.38,1161.12,50.0
1.7999999999999998,0.4499999999999999,0.1,-43.75,68.25,24.5,1057.75,70.0
1.7999999999999998,0.4499999999999999,0.15,-31.5,54.0,22.5,1059.75,70.0
1.7999999999999998,0.4499999999999999,0.2,-45.0,39.75,-5.25,1087.5,70.0
1.7999999999999998,0.4499999999999999,0.25,-58.5,25.5,-33.0,1115.25,60.0
1.7999999999999998,0.4499999999999999,0.3,-72.0,11.25,-60.75,1143.0,60.0
1.9,0.4749999999999998,0.1,-95.88,121.12,25.25,1105.25,80.0
1.9,0.4749999999999998,0.15,-109.38,106.88,-2.5,1133.0,80.0
1.9,0.4749999999999998,0.2,-122.88,92.62,-30.25,1160.75,80.0
1.9,0.4749999999999998,0.25,-136.38,78.38,-58.0,1188.5,60.0
1.9,0.4749999999999998,0.3,-149.88,176.5,26.62,1127.62,60.0
2.0,0.4999999999999999,0.1,-241.0,163.0,-78.0,1228.0,60.0
2.0,0.4999999999999999,0.15,-235.5,147.0,-88.5,1238.5,60.0
2.0,0.4999999999999999,0.2,-251.5,131.0,-120.5,1270.5,60.0
2.0,0.4999999999999999,0.25,-267.5,115.0,-152.5,1302.5,50.0
2.0,0.4999999999999999,0.3,-180.5,99.0,-81.5,1284.0,60.0
0.4,0.1,0.1,80.5,76.5,157.0,228.5,80.0
0.4,0.1,0.15,73.75,71.5,145.25,240.25,80.0
0.4,0.1,0.2,67.0,71.5,138.5,252.0,80.0
0.4,0.1,0.25,60.25,66.5,126.75,263.75,80.0
0.4,0.1,0.3,53.5,61.5,115.0,275.5,80.0
0.5,0.125,0.1,98.75,79.0,177.75,303.5,70.0
0.5,0.125,0.15,124.38,72.25,196.62,291.5,80.0
0.5,0.125,0.2,119.38,65.5,184.88,303.25,80.0
0.5,0.125,0.25,120.62,58.75,179.38,315.0,80.0
0.5,0.125,0.3,115.62,52.0,167.62,326.75,80.0
0.6,0.15,0.1,114.75,165.0,279.75,330.0,80.0
0.6,0.15,0.15,108.0,158.25,266.25,343.5,80.0
0.6,0.15,0.2,101.25,151.5,252.75,357.0,80.0
0.6,0.15,0.25,94.5,144.75,239.25,370.5,80.0
0.6,0.15,0.3,87.75,138.0,225.75,384.0,80.0
0.7,0.175,0.1,111.62,-0.12,111.5,325.12,70.0
0.7,0.175,0.15,104.88,28.75,133.62,312.62,70.0
0.7,0.175,0.2,144.0,22.0,166.0,289.88,80.0
0.7,0.175,0.25,139.75,15.25,155.0,300.88,80.0
0.7,0.175,0.3,135.5,8.5,144.0,311.88,80.0
0.7999999999999999,0.1999999999999999,0.1,-19.5,1.5,-18.0,432.0,60.0
0.7999999999999999,0.1999999999999999,0.15,17.25,36.0,53.25,382.75,70.0
0.7999999999999999,0.1999999999999999,0.2,8.0,31.0,39.0,397.0,70.0
0.7999999999999999,0.1999999999999999,0.25,-1.25,26.0,24.75,411.25,70.0
0.7999999999999999,0.1999999999999999,0.3,-10.5,21.0,10.5,425.5,70.0
0.8999999999999999,0.2249999999999999,0.1,-56.25,-12.75,-69.0,476.25,70.0
0.8999999999999999,0.2249999999999999,0.15,-22.12,-14.25,-36.38,458.25,70.0
0.8999999999999999,0.2249999999999999,0.2,-31.38,-23.5,-54.88,476.75,70.0
0.8999999999999999,0.2249999999999999,0.25,-40.62,23.38,-17.25,457.12,70.0
0.8999999999999999,0.2249999999999999,0.3,-49.88,18.38,-31.5,471.38,70.0
1.0,0.2499999999999999,0.1,-0.75,47.5,46.75,442.0,80.0
1.0,0.2499999999999999,0.15,-11.75,42.5,30.75,458.0,80.0
1.0,0.2499999999999999,0.2,-22.75,37.5,14.75,474.0,80.0
1.0,0.2499999999999999,0.25,-33.75,32.5,-1.25,490.0,80.0
1.0,0.2499999999999999,0.3,19.5,27.5,47.0,455.5,80.0
1.1,0.2749999999999999,0.1,10.12,-84.0,-73.88,606.0,60.0
1.1,0.2749999999999999,0.15,52.0,32.0,84.0,492.12,80.0
1.1,0.2749999999999999,0.2,46.88,84.88,131.75,458.12,80.0
1.1,0.2749999999999999,0.25,37.62,82.38,120.0,469.88,80.0
1.1,0.2749999999999999,0.3,28.38,79.88,108.25,481.62,80.0
1.1999999999999995,0.2999999999999999,0.1,-33.0,-148.5,-181.5,715.5,60.0
1.1999999999999995,0.2999999999999999,0.15,-46.5,-93.75,-140.25,698.25,60.0
1.1999999999999995,0.2999999999999999,0.2,-60.0,-105.5,-165.5,723.5,50.0
1.1999999999999995,0.2999999999999999,0.25,-73.5,-43.25,-116.75,691.25,60.0
1.1999999999999995,0.2999999999999999,0.3,-87.0,-52.5,-139.5,714.0,60.0
1.2999999999999998,0.3249999999999999,0.1,-29.75,-25.25,-55.0,666.0,70.0
1.2999999999999998,0.3249999999999999,0.15,-39.75,-36.25,-76.0,687.0,70.0
1.2999999999999998,0.3249999999999999,0.2,36.12,-47.25,-11.12,640.0,80.0
1.2999999999999998,0.3249999999999999,0.25,26.88,-53.38,-26.5,655.38,80.0
1.2999999999999998,0.3249999999999999,0.3,17.62,17.25,34.88,620.0,80.0
1.4,0.35,0.1,-30.5,4.25,-26.25,705.25,70.0
1.4,0.35,0.15,-42.25,-8.5,-50.75,729.75,70.0
1.4,0.35,0.2,-54.0,-21.25,-75.25,754.25,70.0
1.4,0.35,0.25,-65.75,-34.0,-99.75,778.75,70.0
1.4,0.35,0.3,37.25,-46.75,-9.5,742.75,70.0
1.4999999999999996,0.3749999999999999,0.1,98.75,62.38,161.12,652.62,80.0
1.4999999999999996,0.3749999999999999,0.15,93.75,51.38,145.12,668.62,80.0
1.4999999999999996,0.3749999999999999,0.2,88.75,40.38,129.12,684.62,80.0
1.4999999999999996,0.3749999999999999,0.25,83.75,29.38,113.12,700.62,80.0
1.4999999999999996,0.3749999999999999,0.3,78.75,18.38,97.12,716.62,80.0
1.5999999999999996,0.3999999999999999,0.1,10.5,-53.0,-42.5,852.5,70.0
1.5999999999999996,0.3999999999999999,0.15,-1.25,-46.5,-47.75,877.75,70.0
1.5999999999999996,0.3999999999999999,0.2,-13.0,-60.0,-73.0,903.0,70.0
1.5999999999999996,0.3999999999999999,0.25,69.75,-73.5,-3.75,855.75,70.0
1.5999999999999996,0.3999999999999999,0.3,60.5,-87.0,-26.5,878.5,70.0
1.6999999999999995,0.4249999999999999,0.1,-152.5,-191.38,-343.88,1077.0,50.0
1.6999999999999995,0.4249999999999999,0.15,-133.0,-128.75,-261.75,1018.25,50.0
1.6999999999999995,0.4249999999999999,0.2,-149.0,-140.5,-289.5,1046.0,50.0
1.6999999999999995,0.4249999999999999,0.25,-77.88,-105.75,-183.62,984.75,60.0
1.6999999999999995,0.4249999999999999,0.3,-89.62,-119.25,-208.88,1010.0,60.0
1.7999999999999998,0.4499999999999999,0.1,-111.75,-163.5,-275.25,1130.25,60.0
1.7999999999999998,0.4499999999999999,0.15,-126.0,-177.75,-303.75,1158.75,60.0
1.7999999999999998,0.4499999999999999,0.2,-140.25,-192.0,-332.25,1187.25,60.0
1.7999999999999998,0.4499999999999999,0.25,-147.75,-183.75,-331.5,1209.0,60.0
1.7999999999999998,0.4499999999999999,0.3,-138.0,-102.75,-240.75,1143.0,60.0
1.9,0.4749999999999998,0.1,6.25,-131.75,-125.5,1077.88,70.0
1.9,0.4749999999999998,0.15,-7.25,-147.75,-155.0,1107.38,70.0
1.9,0.4749999999999998,0.2,-20.75,-163.75,-184.5,1136.88,70.0
1.9,0.4749999999999998,0.25,-34.25,-179.75,-214.0,1166.38,70.0
1.9,0.4749999999999998,0.3,-47.75,-195.75,-243.5,1195.88,70.0
2.0,0.4999999999999999,0.1,-33.0,-121.0,-154.0,1191.5,60.0
2.0,0.4999999999999999,0.15,-50.75,-135.25,-186.0,1223.5,60.0
2.0,0.4999999999999999,0.2,-68.5,-149.5,-218.0,1255.5,60.0
2.0,0.4999999999999999,0.25,-86.25,-163.75,-250.0,1287.5,60.0
2.0,0.4999999999999999,0.3,-104.0,-178.0,-282.0,1319.5,60.0
0.4,0.1,0.1,170.5,98.5,269.0,247.5,70.0
0.4,0.1,0.15,193.25,119.0,312.25,216.25,90.0
0.4,0.1,0.2,189.0,114.0,303.0,225.5,90.0
0.4,0.1,0.25,184.75,142.0,326.75,207.25,90.0
0.4,0.1,0.3,180.5,139.5,320.0,214.0,90.0
0.5,0.125,0.1,80.5,178.38,258.88,294.25,90.0
0.5,0.125,0.15,67.0,206.25,273.25,286.12,80.0
0.5,0.125,0.2,53.5,206.25,259.75,299.62,80.0
0.5,0.125,0.25,78.12,206.25,284.38,281.25,80.0
0.5,0.125,0.3,73.38,206.25,279.62,292.25,80.0
0.6,0.15,0.1,58.0,68.25,126.25,437.75,50.0
0.6,0.15,0.15,87.75,55.5,143.25,430.5,60.0
0.6,0.15,0.2,76.0,42.75,118.75,455.0,60.0
0.6,0.15,0.25,64.25,74.5,138.75,447.0,60.0
0.6,0.15,0.3,52.5,66.0,118.5,467.25,60.0
0.7,0.175,0.1,7.12,31.62,38.75,435.5,70.0
0.7,0.175,0.15,0.62,16.38,17.0,457.25,70.0
0.7,0.175,0.2,-11.12,1.12,-10.0,484.25,70.0
0.7,0.175,0.25,25.5,36.88,62.38,432.0,70.0
0.7,0.175,0.3,18.0,25.88,43.88,450.5,70.0
0.7999999999999999,0.1999999999999999,0.1,-21.5,-63.5,-85.0,524.0,60.0
0.7999999999999999,0.1999999999999999,0.15,-33.25,-67.75,-101.0,550.0,60.0
0.7999999999999999,0.1999999999999999,0.2,-45.0,-31.0,-76.0,536.0,60.0
0.7999999999999999,0.1999999999999999,0.25,-56.75,-42.75,-99.5,559.5,60.0
0.7999999999999999,0.1999999999999999,0.3,-68.5,-54.5,-123.0,583.0,60.0
0.8999999999999999,0.2249999999999999,0.1,-99.5,-115.0,-214.5,619.5,60.0
0.8999999999999999,0.2249999999999999,0.15,-115.5,-127.5,-243.0,648.0,60.0
0.8999999999999999,0.2249999999999999,0.2,-131.5,-140.0,-271.5,676.5,60.0
0.8999999999999999,0.2249999999999999,0.25,-88.0,-82.62,-170.62,637.5,70.0
0.8999999999999999,0.2249999999999999,0.3,-99.75,-31.5,-131.25,610.5,70.0
1.0,0.2499999999999999,0.1,-119.5,-149.75,-269.25,669.25,50.0
1.0,0.2499999999999999,0.15,-135.5,-164.0,-299.5,699.5,50.0
1.0,0.2499999999999999,0.2,-95.75,-178.25,-274.0,694.0,50.0
1.0,0.2499999999999999,0.25,-107.5,-192.5,-300.0,720.0,50.0
1.0,0.2499999999999999,0.3,-119.25,-206.75,-326.0,746.0,50.0
1.1,0.2749999999999999,0.1,-8.88,-65.75,-74.62,612.25,70.0
1.1,0.2749999999999999,0.15,-18.12,-83.5,-101.62,639.25,70.0
1.1,0.2749999999999999,0.2,-27.38,-101.25,-128.62,666.25,70.0
1.1,0.2749999999999999,0.25,-36.62,-119.0,-155.62,693.25,60.0
1.1,0.2749999999999999,0.3,22.25,-136.75,-114.5,667.25,60.0
1.1999999999999995,0.2999999999999999,0.1,-32.5,-66.0,-98.5,737.5,60.0
1.1999999999999995,0.2999999999999999,0.15,39.75,-80.25,-40.5,709.5,70.0
1.1999999999999995,0.2999999999999999,0.2,30.5,-94.5,-64.0,733.0,70.0
1.1999999999999995,0.2999999999999999,0.25,21.25,-108.75,-87.5,756.5,70.0
1.1999999999999995,0.2999999999999999,0.3,16.5,-123.0,-106.5,775.5,70.0
1.2999999999999998,0.3249999999999999,0.1,-41.62,-106.25,-147.88,791.38,60.0
1.2999999999999998,0.3249999999999999,0.15,-55.12,-102.5,-157.62,817.38,60.0
1.2999999999999998,0.3249999999999999,0.2,-68.62,-115.0,-183.62,843.38,60.0
1.2999999999999998,0.3249999999999999,0.25,-82.12,-127.5,-209.62,869.38,60.0
1.2999999999999998,0.3249999999999999,0.3,-9.12,-58.38,-67.5,766.25,70.0
1.4,0.35,0.1,106.0,-154.5,-48.5,836.0,70.0
1.4,0.35,0.15,94.25,-168.75,-74.5,862.0,70.0
1.4,0.35,0.2,82.5,-183.0,-100.5,888.0,70.0
1.4,0.35,0.25,70.75,-197.25,-126.5,914.0,70.0
1.4,0.35,0.3,59.0,-211.5,-152.5,940.0,60.0
1.4999999999999996,0.3749999999999999,0.1,81.5,-148.25,-66.75,873.0,60.0
1.4999999999999996,0.3749999999999999,0.15,69.75,-164.25,-94.5,900.75,60.0
1.4999999999999996,0.3749999999999999,0.2,58.0,-180.25,-122.25,928.5,60.0
1.4999999999999996,0.3749999999999999,0.25,61.88,-196.25,-134.38,940.62,60.0
1.4999999999999996,0.3749999999999999,0.3,48.38,-204.0,-155.62,961.88,60.0
1.5999999999999996,0.3999999999999999,0.1,68.5,-129.5,-61.0,911.0,80.0
1.5999999999999996,0.3999999999999999,0.15,56.75,-147.25,-90.5,940.5,70.0
1.5999999999999996,0.3999999999999999,0.2,45.0,-165.0,-120.0,970.0,70.0
1.5999999999999996,0.3999999999999999,0.25,33.25,-182.75,-149.5,999.5,70.0
1.5999999999999996,0.3999999999999999,0.3,21.5,-200.5,-179.0,1029.0,60.0
1.6999999999999995,0.4249999999999999,0.1,73.5,-86.5,-13.0,1022.38,70.0
1.6999999999999995,0.4249999999999999,0.15,153.88,-104.25,49.62,983.12,80.0
1.6999999999999995,0.4249999999999999,0.2,142.12,-122.0,20.12,1012.62,70.0
1.6999999999999995,0.4249999999999999,0.25,130.38,-139.75,-9.38,1042.12,70.0
1.6999999999999995,0.4249999999999999,0.3,118.62,-157.5,-38.88,1071.62,70.0
1.7999999999999998,0.4499999999999999,0.1,76.0,-107.25,-31.25,1111.25,70.0
1.7999999999999998,0.4499999999999999,0.15,60.0,-104.25,-44.25,1124.25,70.0
1.7999999999999998,0.4499999999999999,0.2,130.75,-120.25,10.5,1092.0,70.0
1.7999999999999998,0.4499999999999999,0.25,223.75,-136.25,87.5,1039.75,80.0
1.7999999999999998,0.4499999999999999,0.3,214.5,-45.0,169.5,1005.0,80.0
1.9,0.4749999999999998,0.1,-28.5,-254.12,-282.62,1208.88,60.0
1.9,0.4749999999999998,0.15,-17.12,-268.38,-285.5,1211.75,60.0
1.9,0.4749999999999998,0.2,-33.12,-282.62,-315.75,1242.0,60.0
1.9,0.4749999999999998,0.25,-49.12,-281.88,-331.0,1257.25,60.0
1.9,0.4749999999999998,0.3,-65.12,-297.88,-363.0,1289.25,60.0
2.0,0.4999999999999999,0.1,95.0,-225.0,-130.0,1220.0,70.0
2.0,0.4999999999999999,0.15,85.0,-237.5,-152.5,1242.5,70.0
2.0,0.4999999999999999,0.2,93.0,-250.0,-157.0,1247.0,70.0
2.0,0.4999999999999999,0.25,81.25,-262.5,-181.25,1271.25,70.0
2.0,0.4999999999999999,0.3,69.5,-275.0,-205.5,1295.5,70.0
0.4,0.1,0.1,31.5,52.5,84.0,282.0,70.0
0.4,0.1,0.15,20.5,39.0,59.5,306.5,70.0
0.4,0.1,0.2,9.5,25.5,35.0,331.0,70.0
0.4,0.1,0.25,-1.5,12.0,10.5,355.5,70.0
0.4,0.1,0.3,-12.5,-1.5,-14.0,380.0,70.0
0.5,0.125,0.1,110.88,125.5,236.38,346.75,70.0
0.5,0.125,0.15,101.62,112.0,213.62,369.5,70.0
0.5,0.125,0.2,92.38,98.5,190.88,392.25,60.0
0.5,0.125,0.25,83.12,85.0,168.12,415.0,60.0
0.5,0.125,0.3,73.88,114.0,187.88,405.25,60.0
0.6,0.15,0.1,153.5,148.25,301.75,412.25,50.0
0.6,0.15,0.15,141.75,136.5,278.25,435.75,50.0
0.6,0.15,0.2,130.0,124.75,254.75,459.25,50.0
0.6,0.15,0.25,120.5,120.5,241.0,480.5,50.0
0.6,0.15,0.3,108.75,108.75,217.5,504.0,50.0
0.7,0.175,0.1,42.12,29.0,71.12,397.88,70.0
0.7,0.175,0.15,28.62,15.5,44.12,424.88,70.0
0.7,0.175,0.2,15.12,2.0,17.12,451.88,70.0
0.7,0.175,0.25,50.0,-11.5,38.5,441.88,70.0
0.7,0.175,0.3,40.75,-25.0,15.75,464.62,60.0
0.7999999999999999,0.1999999999999999,0.1,50.0,15.5,65.5,453.5,60.0
0.7999999999999999,0.1999999999999999,0.15,36.5,3.75,40.25,478.75,60.0
0.7999999999999999,0.1999999999999999,0.2,33.0,-8.0,25.0,504.0,60.0
0.7999999999999999,0.1999999999999999,0.25,19.5,-19.75,-0.25,529.25,60.0
0.7999999999999999,0.1999999999999999,0.3,6.0,-31.5,-25.5,554.5,60.0
0.8999999999999999,0.2249999999999999,0.1,-84.75,-54.5,-139.25,589.25,50.0
0.8999999999999999,0.2249999999999999,0.15,-99.0,-70.5,-169.5,619.5,50.0
0.8999999999999999,0.2249999999999999,0.2,-113.25,-86.5,-199.75,649.75,50.0
0.8999999999999999,0.2249999999999999,0.25,-68.88,-46.38,-115.25,595.62,60.0
0.8999999999999999,0.2249999999999999,0.3,-80.62,-58.12,-138.75,619.12,60.0
1.0,0.2499999999999999,0.1,0.0,-84.75,-84.75,648.5,70.0
1.0,0.2499999999999999,0.15,-10.0,-99.0,-109.0,672.75,60.0
1.0,0.2499999999999999,0.2,-20.0,-113.25,-133.25,697.0,60.0
1.0,0.2499999999999999,0.25,-30.0,-127.5,-157.5,721.25,60.0
1.0,0.2499999999999999,0.3,51.25,-141.75,-90.5,699.25,70.0
1.1,0.2749999999999999,0.1,77.12,70.25,147.38,558.0,90.0
1.1,0.2749999999999999,0.15,69.62,62.75,132.38,573.0,90.0
1.1,0.2749999999999999,0.2,62.12,55.25,117.38,588.0,90.0
1.1,0.2749999999999999,0.25,54.62,47.75,102.38,603.0,80.0
1.1,0.2749999999999999,0.3,47.12,40.25,87.38,618.0,70.0
1.1999999999999995,0.2999999999999999,0.1,-2.5,38.0,35.5,686.0,80.0
1.1999999999999995,0.2999999999999999,0.15,-14.25,26.25,12.0,709.5,80.0
1.1999999999999995,0.2999999999999999,0.2,-26.0,86.0,60.0,678.0,70.0
1.1999999999999995,0.2999999999999999,0.25,-37.75,76.75,39.0,699.0,70.0
1.1999999999999995,0.2999999999999999,0.3,-49.5,67.5,18.0,720.0,70.0
1.2999999999999998,0.3249999999999999,0.1,4.12,148.75,152.88,747.38,90.0
1.2999999999999998,0.3249999999999999,0.15,-7.62,137.0,129.38,770.88,90.0
1.2999999999999998,0.3249999999999999,0.2,-10.12,125.25,115.12,785.12,90.0
1.2999999999999998,0.3249999999999999,0.25,-23.62,113.5,89.88,810.38,90.0
1.2999999999999998,0.3249999999999999,0.3,-37.12,183.38,146.25,771.88,90.0
1.4,0.35,0.1,-84.5,87.0,2.5,863.75,80.0
1.4,0.35,0.15,-100.5,138.0,37.5,851.5,80.0
1.4,0.35,0.2,-45.25,126.25,81.0,844.75,90.0
1.4,0.35,0.25,-57.0,114.5,57.5,868.25,90.0
1.4,0.35,0.3,-68.75,102.75,34.0,891.75,90.0
1.4999999999999996,0.3749999999999999,0.1,-44.88,86.12,41.25,905.62,80.0
1.4999999999999996,0.3749999999999999,0.15,-62.62,70.12,7.5,939.38,80.0
1.4999999999999996,0.3749999999999999,0.2,-80.38,54.12,-26.25,973.12,70.0
1.4999999999999996,0.3749999999999999,0.25,-79.38,43.75,-35.62,1001.25,70.0
1.4999999999999996,0.3749999999999999,0.3,-97.12,27.75,-69.38,1035.0,60.0
1.5999999999999996,0.3999999999999999,0.1,14.0,115.0,129.0,911.0,90.0
1.5999999999999996,0.3999999999999999,0.15,72.75,101.5,174.25,891.75,90.0
1.5999999999999996,0.3999999999999999,0.2,153.0,88.0,241.0,845.0,90.0
1.5999999999999996,0.3999999999999999,0.25,143.75,94.5,238.25,867.75,90.0
1.5999999999999996,0.3999999999999999,0.3,134.5,81.0,215.5,890.5,90.0
1.6999999999999995,0.4249999999999999,0.1,-14.38,21.12,6.75,1087.62,80.0
1.6999999999999995,0.4249999999999999,0.15,-5.62,5.12,-0.5,1116.12,80.0
1.6999999999999995,0.4249999999999999,0.2,2.5,86.25,88.75,1048.12,90.0
1.6999999999999995,0.4249999999999999,0.25,-11.75,72.75,61.0,1075.88,90.0
1.6999999999999995,0.4249999999999999,0.3,76.12,59.25,135.38,1022.75,90.0
1.7999999999999998,0.4499999999999999,0.1,27.25,-6.0,21.25,1081.25,80.0
1.7999999999999998,0.4499999999999999,0.15,17.25,-3.0,14.25,1088.25,80.0
1.7999999999999998,0.4499999999999999,0.2,7.25,-19.0,-11.75,1114.25,80.0
1.7999999999999998,0.4499999999999999,0.25,-2.75,-35.0,-37.75,1140.25,80.0
1.7999999999999998,0.4499999999999999,0.3,-12.75,-51.0,-63.75,1166.25,70.0
1.9,0.4749999999999998,0.1,-44.88,17.88,-27.0,1098.12,70.0
1.9,0.4749999999999998,0.15,-32.88,1.88,-31.0,1125.88,60.0
1.9,0.4749999999999998,0.2,-44.62,76.5,31.88,1093.88,70.0
1.9,0.4749999999999998,0.25,-56.38,64.75,8.38,1117.38,70.0
1.9,0.4749999999999998,0.3,-68.12,76.75,8.62,1140.88,70.0
2.0,0.4999999999999999,0.1,-208.5,-37.0,-245.5,1270.5,60.0
2.0,0.4999999999999999,0.15,-197.75,-28.0,-225.75,1300.75,60.0
2.0,0.4999999999999999,0.2,-212.0,-44.0,-256.0,1331.0,50.0
2.0,0.4999999999999999,0.25,-226.25,-60.0,-286.25,1361.25,50.0
2.0,0.4999999999999999,0.3,-240.5,-76.0,-316.5,1391.5,50.0
0.4,0.1,0.1,61.0,74.5,135.5,250.5,70.0
0.4,0.1,0.15,53.5,67.75,121.25,264.75,60.0
0.4,0.1,0.2,46.0,91.5,137.5,254.0,70.0
0.4,0.1,0.25,86.5,87.25,173.75,238.25,80.0
0.4,0.1,0.3,86.5,84.5,171.0,246.0,80.0
0.5,0.125,0.1,50.88,69.0,119.88,353.25,60.0
0.5,0.125,0.15,71.25,59.75,131.0,350.88,70.0
0.5,0.125,0.2,63.75,56.75,120.5,367.62,70.0
0.5,0.125,0.25,56.25,47.5,103.75,384.38,70.0
0.5,0.125,0.3,48.75,35.88,84.62,403.5,70.0
0.6,0.15,0.1,43.75,92.0,135.75,433.5,70.0
0.6,0.15,0.15,28.5,80.25,108.75,460.5,60.0
0.6,0.15,0.2,13.25,68.5,81.75,487.5,50.0
0.6,0.15,0.25,87.0,100.0,187.0,410.0,70.0
0.6,0.15,0.3,80.25,90.75,171.0,426.0,70.0
0.7,0.175,0.1,79.5,37.12,116.62,448.62,70.0
0.7,0.175,0.15,70.25,19.38,89.62,475.62,70.0
0.7,0.175,0.2,61.0,1.62,62.62,502.62,70.0
0.7,0.175,0.25,60.5,34.88,95.38,490.88,70.0
0.7,0.175,0.3,103.0,21.38,124.38,474.12,80.0
0.7999999999999999,0.1999999999999999,0.1,-25.5,-42.0,-67.5,547.5,50.0
0.7999999999999999,0.1999999999999999,0.15,-39.75,-58.0,-97.75,577.75,50.0
0.7999999999999999,0.1999999999999999,0.2,-3.0,-74.0,-77.0,578.0,60.0
0.7999999999999999,0.1999999999999999,0.25,-14.75,-90.0,-104.75,605.75,60.0
0.7999999999999999,0.1999999999999999,0.3,-17.0,-46.5,-63.5,588.5,70.0
0.8999999999999999,0.2249999999999999,0.1,-6.12,-137.5,-143.62,593.62,60.0
0.8999999999999999,0.2249999999999999,0.15,-22.12,-144.0,-166.12,616.12,60.0
0.8999999999999999,0.2249999999999999,0.2,-38.12,-158.25,-196.38,646.38,60.0
0.8999999999999999,0.2249999999999999,0.25,-54.12,-172.5,-226.62,676.62,60.0
0.8999999999999999,0.2249999999999999,0.3,-70.12,-125.62,-195.75,658.12,60.0
1.0,0.2499999999999999,0.1,-25.75,-133.5,-159.25,640.5,60.0
1.0,0.2499999999999999,0.15,-41.75,-147.75,-189.5,670.75,60.0
1.0,0.2499999999999999,0.2,-57.75,-162.0,-219.75,701.0,50.0
1.0,0.2499999999999999,0.25,-73.75,-172.5,-246.25,727.5,50.0
1.0,0.2499999999999999,0.3,-89.75,-172.25,-262.0,755.75,50.0
1.1,0.2749999999999999,0.1,-10.0,-62.88,-72.88,698.5,60.0
1.1,0.2749999999999999,0.15,-26.0,-77.12,-103.12,728.75,60.0
1.1,0.2749999999999999,0.2,-42.0,-25.0,-67.0,706.38,60.0
1.1,0.2749999999999999,0.25,-58.0,-9.25,-67.25,734.12,60.0
1.1,0.2749999999999999,0.3,-74.0,-21.0,-95.0,761.88,60.0
1.1999999999999995,0.2999999999999999,0.1,19.5,-58.5,-39.0,714.0,70.0
1.1999999999999995,0.2999999999999999,0.15,6.0,-72.75,-66.75,741.75,70.0
1.1999999999999995,0.2999999999999999,0.2,-7.5,-87.0,-94.5,769.5,70.0
1.1999999999999995,0.2999999999999999,0.25,-21.0,-27.25,-48.25,738.25,70.0
1.1999999999999995,0.2999999999999999,0.3,-34.5,-39.0,-73.5,763.5,70.0
1.2999999999999998,0.3249999999999999,0.1,-90.75,31.75,-59.0,749.62,70.0
1.2999999999999998,0.3249999999999999,0.15,-103.62,36.25,-67.38,774.25,70.0
1.2999999999999998,0.3249999999999999,0.2,-121.38,24.5,-96.88,803.75,70.0
1.2999999999999998,0.3249999999999999,0.25,-134.25,29.0,-105.25,828.38,70.0
1.2999999999999998,0.3249999999999999,0.3,-152.0,17.25,-134.75,857.88,70.0
1.4,0.35,0.1,-56.5,-34.0,-90.5,813.25,60.0
1.4,0.35,0.15,-67.25,-28.25,-95.5,835.75,60.0
1.4,0.35,0.2,-83.25,-40.0,-123.25,863.5,60.0
1.4,0.35,0.25,-94.0,-34.25,-128.25,886.0,70.0
1.4,0.35,0.3,-110.0,-46.0,-156.0,913.75,70.0
1.4999999999999996,0.3749999999999999,0.1,-90.62,-63.88,-154.5,951.38,70.0
1.4999999999999996,0.3749999999999999,0.15,-103.12,-79.88,-183.0,979.88,70.0
1.4999999999999996,0.3749999999999999,0.2,-103.88,-20.75,-124.62,945.88,70.0
1.4999999999999996,0.3749999999999999,0.25,-118.12,-32.5,-150.62,971.88,70.0
1.4999999999999996,0.3749999999999999,0.3,-132.38,-44.25,-176.62,997.88,60.0
1.5999999999999996,0.3999999999999999,0.1,-25.0,27.5,2.5,1027.5,80.0
1.5999999999999996,0.3999999999999999,0.15,52.0,13.25,65.25,986.75,80.0
1.5999999999999996,0.3999999999999999,0.2,42.0,-1.0,41.0,1011.0,80.0
1.5999999999999996,0.3999999999999999,0.25,32.0,-15.25,16.75,1035.25,80.0
1.5999999999999996,0.3999999999999999,0.3,31.5,58.0,89.5,988.5,80.0
1.6999999999999995,0.4249999999999999,0.1,45.88,-14.38,31.5,1043.75,90.0
1.6999999999999995,0.4249999999999999,0.15,35.88,-26.88,9.0,1066.25,80.0
1.6999999999999995,0.4249999999999999,0.2,25.88,-39.38,-13.5,1088.75,80.0
1.6999999999999995,0.4249999999999999,0.25,15.88,-51.88,-36.0,1111.25,80.0
1.6999999999999995,0.4249999999999999,0.3,5.88,-64.38,-58.5,1133.75,80.0
1.7999999999999998,0.4499999999999999,0.1,-25.0,83.5,58.5,1102.5,80.0
1.7999999999999998,0.4499999999999999,0.15,62.25,73.5,135.75,1050.0,80.0
1.7999999999999998,0.4499999999999999,0.2,52.25,63.5,115.75,1070.0,80.0
1.7999999999999998,0.4499999999999999,0.25,42.25,53.5,95.75,1090.0,70.0
1.7999999999999998,0.4499999999999999,0.3,32.25,43.5,75.75,1110.0,70.0
1.9,0.4749999999999998,0.1,172.38,167.88,340.25,1015.88,90.0
1.9,0.4749999999999998,0.15,162.38,160.38,322.75,1033.38,90.0
1.9,0.4749999999999998,0.2,152.38,152.88,305.25,1050.88,90.0
1.9,0.4749999999999998,0.25,252.25,145.38,397.62,984.62,70.0
1.9,0.4749999999999998,0.3,244.75,137.88,382.62,999.62,70.0
2.0,0.4999999999999999,0.1,32.5,252.5,285.0,1092.5,80.0
2.0,0.4999999999999999,0.15,22.5,270.0,292.5,1110.0,80.0
2.0,0.4999999999999999,0.2,12.5,262.5,275.0,1127.5,80.0
2.0,0.4999999999999999,0.25,2.5,255.0,257.5,1145.0,80.0
2.0,0.4999999999999999,0.3,-7.5,247.5,240.0,1162.5,70.0
0.4,0.1,0.1,141.5,145.0,286.5,243.0,70.0
0.4,0.1,0.15,132.25,136.5,268.75,260.75,70.0
0.4,0.1,0.2,123.0,162.0,285.0,257.0,70.0
0.4,0.1,0.25,113.75,157.75,271.5,270.5,70.0
0.4,0.1,0.3,104.5,153.5,258.0,284.0,70.0
0.5,0.125,0.1,175.88,200.5,376.38,364.88,60.0
0.5,0.125,0.15,164.12,187.0,351.12,390.12,60.0
0.5,0.125,0.2,152.38,173.5,325.88,415.38,60.0
0.5,0.125,0.25,140.62,160.0,300.62,440.62,60.0
0.5,0.125,0.3,169.5,191.38,360.88,393.5,70.0
0.6,0.15,0.1,191.25,247.25,438.5,394.0,70.0
0.6,0.15,0.15,177.75,281.25,459.0,389.25,80.0
0.6,0.15,0.2,164.25,272.0,436.25,412.0,80.0
0.6,0.15,0.25,150.75,262.75,413.5,434.75,80.0
0.6,0.15,0.3,137.25,253.5,390.75,457.5,80.0
0.7,0.175,0.1,-17.12,-33.75,-50.88,488.38,60.0
0.7,0.175,0.15,-31.38,-46.25,-77.62,515.12,60.0
0.7,0.175,0.2,-45.62,-58.75,-104.38,541.88,60.0
0.7,0.175,0.25,-59.88,-14.12,-74.0,529.88,60.0
0.7,0.175,0.3,-74.12,-24.12,-98.25,554.12,60.0
0.7999999999999999,0.1999999999999999,0.1,-68.5,-130.0,-198.5,543.5,60.0
0.7999999999999999,0.1999999999999999,0.15,-72.75,-142.5,-215.25,570.25,50.0
0.7999999999999999,0.1999999999999999,0.2,-87.0,-155.0,-242.0,597.0,50.0
0.7999999999999999,0.1999999999999999,0.25,-101.25,-167.5,-268.75,623.75,50.0
0.7999999999999999,0.1999999999999999,0.3,-115.5,-177.5,-293.0,648.0,50.0
0.8999999999999999,0.2249999999999999,0.1,-70.0,-90.38,-160.38,604.75,50.0
0.8999999999999999,0.2249999999999999,0.15,-82.5,-104.62,-187.12,631.5,50.0
0.8999999999999999,0.2249999999999999,0.2,-95.0,-118.88,-213.88,658.25,50.0
0.8999999999999999,0.2249999999999999,0.25,-107.5,-133.12,-240.62,685.0,50.0
0.8999999999999999,0.2249999999999999,0.3,-120.0,-147.38,-267.38,711.75,50.0
1.0,0.2499999999999999,0.1,21.5,-28.5,-7.0,614.5,80.0
1.0,0.2499999999999999,0.15,9.75,-42.75,-33.0,640.5,70.0
1.0,0.2499999999999999,0.2,-2.0,-57.0,-59.0,666.5,70.0
1.0,0.2499999999999999,0.25,-13.75,-71.25,-85.0,692.5,70.0
1.0,0.2499999999999999,0.3,-23.5,-85.5,-109.0,716.5,60.0
1.1,0.2749999999999999,0.1,44.38,-58.75,-14.38,708.75,70.0
1.1,0.2749999999999999,0.15,30.12,-73.0,-42.88,737.25,60.0
1.1,0.2749999999999999,0.2,15.88,-87.25,-71.38,765.75,60.0
1.1,0.2749999999999999,0.25,1.62,-101.5,-99.88,794.25,60.0
1.1,0.2749999999999999,0.3,-12.62,-115.75,-128.38,822.75,60.0
1.1999999999999995,0.2999999999999999,0.1,27.5,-92.0,-64.5,777.0,70.0
1.1999999999999995,0.2999999999999999,0.15,15.0,-103.5,-88.5,801.0,70.0
1.1999999999999995,0.2999999999999999,0.2,2.5,-119.5,-117.0,829.5,60.0
1.1999999999999995,0.2999999999999999,0.25,0.75,-135.5,-134.75,847.25,60.0
1.1999999999999995,0.2999999999999999,0.3,-13.5,-151.5,-165.0,877.5,50.0
1.2999999999999998,0.3249999999999999,0.1,-16.88,-142.25,-159.12,849.75,60.0
1.2999999999999998,0.3249999999999999,0.15,-29.38,-156.5,-185.88,876.5,60.0
1.2999999999999998,0.3249999999999999,0.2,-41.88,-170.75,-212.62,903.25,50.0
1.2999999999999998,0.3249999999999999,0.25,-54.38,-185.0,-239.38,930.0,50.0
1.2999999999999998,0.3249999999999999,0.3,-66.88,-199.25,-266.12,956.75,50.0
1.4,0.35,0.1,-46.0,48.25,2.25,837.75,80.0
1.4,0.35,0.15,-60.25,36.5,-23.75,863.75,80.0
1.4,0.35,0.2,-74.5,24.75,-49.75,889.75,70.0
1.4,0.35,0.25,-88.75,13.0,-75.75,915.75,70.0
1.4,0.35,0.3,-103.0,1.25,-101.75,941.75,70.0
1.4999999999999996,0.3749999999999999,0.1,-9.75,-128.12,-137.88,1037.88,60.0
1.4999999999999996,0.3749999999999999,0.15,-5.25,-140.62,-145.88,1064.62,70.0
1.4999999999999996,0.3749999999999999,0.2,-19.5,-141.38,-160.88,1079.62,70.0
1.4999999999999996,0.3749999999999999,0.25,-33.75,-50.62,-84.38,1021.88,80.0
1.4999999999999996,0.3749999999999999,0.3,-48.0,-58.5,-106.5,1044.0,80.0
1.5999999999999996,0.3999999999999999,0.1,47.5,-195.0,-147.5,1067.5,60.0
1.5999999999999996,0.3999999999999999,0.15,33.25,-207.5,-174.25,1094.25,60.0
1.5999999999999996,0.3999999999999999,0.2,19.0,-220.0,-201.0,1121.0,60.0
1.5999999999999996,0.3999999999999999,0.25,4.75,-232.5,-227.75,1147.75,60.0
1.5999999999999996,0.3999999999999999,0.3,-9.5,-148.0,-157.5,1097.5,70.0
1.6999999999999995,0.4249999999999999,0.1,74.25,-106.38,-32.12,1107.38,90.0
1.6999999999999995,0.4249999999999999,0.15,136.88,-118.12,18.75,1077.75,90.0
1.6999999999999995,0.4249999999999999,0.2,125.12,-129.88,-4.75,1101.25,90.0
1.6999999999999995,0.4249999999999999,0.25,113.38,-141.62,-28.25,1124.75,80.0
1.6999999999999995,0.4249999999999999,0.3,101.62,-153.38,-51.75,1148.25,80.0
1.7999999999999998,0.4499999999999999,0.1,114.25,-66.25,48.0,1124.25,90.0
1.7999999999999998,0.4499999999999999,0.15,98.25,-78.0,20.25,1152.0,80.0
1.7999999999999998,0.4499999999999999,0.2,82.25,-89.75,-7.5,1179.75,80.0
1.7999999999999998,0.4499999999999999,0.25,66.25,-3.75,62.5,1141.25,80.0
1.7999999999999998,0.4499999999999999,0.3,50.25,-11.25,39.0,1164.75,80.0
1.9,0.4749999999999998,0.1,66.5,-44.88,21.62,1156.38,70.0
1.9,0.4749999999999998,0.15,52.25,-56.62,-4.38,1182.38,70.0
1.9,0.4749999999999998,0.2,145.38,-68.38,77.0,1124.75,80.0
1.9,0.4749999999999998,0.25,140.75,-32.62,108.12,1141.12,80.0
1.9,0.4749999999999998,0.3,129.0,-44.38,84.62,1164.62,80.0
2.0,0.4999999999999999,0.1,25.0,7.5,32.5,1257.5,70.0
2.0,0.4999999999999999,0.15,32.25,17.25,49.5,1240.5,70.0
2.0,0.4999999999999999,0.2,18.0,5.5,23.5,1266.5,70.0
2.0,0.4999999999999999,0.25,3.75,-6.25,-2.5,1292.5,70.0
2.0,0.4999999999999999,0.3,4.0,-18.0,-14.0,1304.0,60.0
0.4,0.1,0.1,64.0,70.0,134.0,304.0,70.0
0.4,0.1,0.15,78.75,56.5,135.25,312.25,60.0
0.4,0.1,0.2,69.5,43.0,112.5,335.0,60.0
0.4,0.1,0.25,60.25,29.5,89.75,357.75,60.0
0.4,0.1,0.3,123.5,57.0,180.5,301.0,80.0
0.5,0.125,0.1,103.25,149.38,252.62,366.75,60.0
0.5,0.125,0.15,88.0,139.38,227.38,392.0,60.0
0.5,0.125,0.2,72.75,165.0,237.75,387.88,70.0
0.5,0.125,0.25,59.38,163.75,223.12,408.75,70.0
0.5,0.125,0.3,90.88,158.25,249.12,400.88,60.0
0.6,0.15,0.1,272.0,220.75,492.75,384.75,70.0
0.6,0.15,0.15,261.0,210.75,471.75,405.75,70.0
0.6,0.15,0.2,250.0,200.75,450.75,426.75,70.0
0.6,0.15,0.25,239.0,190.75,429.75,447.75,70.0
0.6,0.15,0.3,228.0,180.75,408.75,468.75,70.0
0.7,0.175,0.1,43.0,45.88,88.88,431.75,80.0
0.7,0.175,0.15,74.62,30.75,105.38,424.0,80.0
0.7,0.175,0.2,65.38,13.0,78.38,451.0,70.0
0.7,0.175,0.25,56.12,-4.75,51.38,478.0,70.0
0.7,0.175,0.3,55.62,-22.5,33.12,505.0,70.0
0.7999999999999999,0.1999999999999999,0.1,-52.5,31.0,-21.5,531.5,70.0
0.7999999999999999,0.1999999999999999,0.15,-66.75,15.0,-51.75,561.75,70.0
0.7999999999999999,0.1999999999999999,0.2,-30.0,-1.0,-31.0,551.0,70.0
0.7999999999999999,0.1999999999999999,0.25,-41.75,-17.0,-58.75,578.75,60.0
0.7999999999999999,0.1999999999999999,0.3,-53.5,-33.0,-86.5,606.5,60.0
0.8999999999999999,0.2249999999999999,0.1,56.38,-51.0,5.38,586.38,60.0
0.8999999999999999,0.2249999999999999,0.15,44.62,-65.25,-20.62,612.38,60.0
0.8999999999999999,0.2249999999999999,0.2,32.88,-79.5,-46.62,638.38,60.0
0.8999999999999999,0.2249999999999999,0.25,21.12,-93.75,-72.62,664.38,60.0
0.8999999999999999,0.2249999999999999,0.3,70.5,-108.0,-37.5,640.5,70.0
1.0,0.2499999999999999,0.1,225.25,81.25,306.5,542.25,90.0
1.0,0.2499999999999999,0.15,213.5,86.25,299.75,561.5,90.0
1.0,0.2499999999999999,0.2,201.75,84.25,286.0,575.25,90.0
1.0,0.2499999999999999,0.25,190.0,75.0,265.0,596.25,90.0
1.0,0.2499999999999999,0.3,178.25,65.75,244.0,617.25,90.0
1.1,0.2749999999999999,0.1,119.88,-32.38,87.5,655.0,80.0
1.1,0.2749999999999999,0.15,102.12,21.5,123.62,640.88,90.0
1.1,0.2749999999999999,0.2,84.38,14.0,98.38,666.12,90.0
1.1,0.2749999999999999,0.25,130.5,6.5,137.0,641.25,80.0
1.1,0.2749999999999999,0.3,117.0,84.12,201.12,604.62,90.0
1.1999999999999995,0.2999999999999999,0.1,34.5,31.0,65.5,744.5,80.0
1.1999999999999995,0.2999999999999999,0.15,21.0,21.0,42.0,768.0,70.0
1.1999999999999995,0.2999999999999999,0.2,7.5,82.5,90.0,744.0,80.0
1.1999999999999995,0.2999999999999999,0.25,-6.0,75.0,69.0,765.0,80.0
1.1999999999999995,0.2999999999999999,0.3,-19.5,67.5,48.0,786.0,80.0
1.2999999999999998,0.3249999999999999,0.1,-53.0,89.75,36.75,754.62,80.0
1.2999999999999998,0.3249999999999999,0.15,-66.5,137.62,71.12,746.25,80.0
1.2999999999999998,0.3249999999999999,0.2,-80.0,126.62,46.62,770.75,80.0
1.2999999999999998,0.3249999999999999,0.25,-93.5,115.62,22.12,795.25,80.0
1.2999999999999998,0.3249999999999999,0.3,-107.0,104.62,-2.38,819.75,80.0
1.4,0.35,0.1,-138.75,74.75,-64.0,912.75,70.0
1.4,0.35,0.15,-151.25,55.25,-96.0,944.75,70.0
1.4,0.35,0.2,-71.5,107.0,35.5,878.0,80.0
1.4,0.35,0.25,-65.75,97.0,31.25,891.0,80.0
1.4,0.35,0.3,-77.5,81.75,4.25,918.0,80.0
1.4999999999999996,0.3749999999999999,0.1,-46.25,95.38,49.12,864.0,80.0
1.4999999999999996,0.3749999999999999,0.15,-56.25,78.38,22.12,891.0,80.0
1.4999999999999996,0.3749999999999999,0.2,-66.25,61.38,-4.88,918.0,80.0
1.4999999999999996,0.3749999999999999,0.25,-76.25,44.38,-31.88,945.0,80.0
1.4999999999999996,0.3749999999999999,0.3,-86.25,27.38,-58.88,972.0,70.0
1.5999999999999996,0.3999999999999999,0.1,-8.5,57.5,49.0,911.0,80.0
1.5999999999999996,0.3999999999999999,0.15,-22.75,62.25,39.5,940.5,90.0
1.5999999999999996,0.3999999999999999,0.2,-37.0,47.0,10.0,970.0,90.0
1.5999999999999996,0.3999999999999999,0.25,32.0,31.75,63.75,938.25,80.0
1.5999999999999996,0.3999999999999999,0.3,22.0,16.5,38.5,963.5,80.0
1.6999999999999995,0.4249999999999999,0.1,101.88,42.38,144.25,931.0,80.0
1.6999999999999995,0.4249999999999999,0.15,90.12,46.62,136.75,938.5,80.0
1.6999999999999995,0.4249999999999999,0.2,84.75,75.62,160.38,957.38,90.0
1.6999999999999995,0.4249999999999999,0.25,73.0,81.0,154.0,963.75,90.0
1.6999999999999995,0.4249999999999999,0.3,61.25,65.75,127.0,990.75,80.0
1.7999999999999998,0.4499999999999999,0.1,75.5,1.25,76.75,983.0,70.0
1.7999999999999998,0.4499999999999999,0.15,63.75,-10.5,53.25,1006.5,60.0
1.7999999999999998,0.4499999999999999,0.2,52.0,-22.25,29.75,1030.0,60.0
1.7999999999999998,0.4499999999999999,0.25,40.25,-11.5,28.75,1053.5,70.0
1.7999999999999998,0.4499999999999999,0.3,28.5,-23.25,5.25,1077.0,70.0
1.9,0.4749999999999998,0.1,104.75,-76.0,28.75,1113.62,80.0
1.9,0.4749999999999998,0.15,93.0,14.62,107.62,1058.5,70.0
1.9,0.4749999999999998,0.2,81.25,2.88,84.12,1082.0,70.0
1.9,0.4749999999999998,0.25,69.5,-8.88,60.62,1105.5,70.0
1.9,0.4749999999999998,0.3,57.75,-20.62,37.12,1129.0,70.0
2.0,0.4999999999999999,0.1,-78.5,-153.5,-232.0,1257.0,70.0
2.0,0.4999999999999999,0.15,17.25,-167.75,-150.5,1203.0,70.0
2.0,0.4999999999999999,0.2,5.5,-182.0,-176.5,1229.0,70.0
2.0,0.4999999999999999,0.25,-6.25,-196.25,-202.5,1255.0,70.0
2.0,0.4999999999999999,0.3,-18.0,-93.0,-111.0,1188.5,70.0
0.4,0.1,0.1,33.0,122.0,155.0,242.5,80.0
0.4,0.1,0.15,17.75,119.5,137.25,260.25,60.0
0.4,0.1,0.2,2.5,117.0,119.5,278.0,60.0
0.4,0.1,0.25,-12.75,114.5,101.75,295.75,60.0
0.4,0.1,0.3,-23.0,112.0,89.0,313.5,60.0
0.5,0.125,0.1,52.5,177.62,230.12,364.88,60.0
0.5,0.125,0.15,42.5,164.88,207.38,387.62,60.0
0.5,0.125,0.2,32.5,152.12,184.62,410.38,60.0
0.5,0.125,0.25,22.5,139.38,161.88,433.12,60.0
0.5,0.125,0.3,12.5,126.62,139.12,455.88,60.0
0.6,0.15,0.1,22.75,159.75,182.5,463.25,50.0
0.6,0.15,0.15,6.75,146.25,153.0,492.75,50.0
0.6,0.15,0.2,-9.25,132.75,123.5,522.25,50.0
0.6,0.15,0.25,-25.25,119.25,94.0,551.75,50.0
0.6,0.15,0.3,-41.25,105.75,64.5,581.25,50.0
0.7,0.175,0.1,18.75,-18.88,-0.12,512.0,50.0
0.7,0.175,0.15,49.62,5.0,54.62,480.0,60.0
0.7,0.175,0.2,39.62,-6.75,32.88,501.75,60.0
0.7,0.175,0.25,29.62,-18.5,11.12,523.5,60.0
0.7,0.175,0.3,19.62,-30.25,-10.62,545.25,60.0
0.7999999999999999,0.1999999999999999,0.1,86.0,-27.5,58.5,471.5,60.0
0.7999999999999999,0.1999999999999999,0.15,76.0,-39.25,36.75,493.25,60.0
0.7999999999999999,0.1999999999999999,0.2,66.0,-51.0,15.0,515.0,60.0
0.7999999999999999,0.1999999999999999,0.25,56.0,-62.75,-6.75,536.75,60.0
0.7999999999999999,0.1999999999999999,0.3,46.0,-18.5,27.5,523.5,60.0
0.8999999999999999,0.2249999999999999,0.1,33.88,-80.75,-46.88,537.38,80.0
0.8999999999999999,0.2249999999999999,0.15,22.12,-25.88,-3.75,516.75,80.0
0.8999999999999999,0.2249999999999999,0.2,10.38,-33.38,-23.0,536.0,80.0
0.8999999999999999,0.2249999999999999,0.25,54.75,-40.88,13.88,510.38,80.0
0.8999999999999999,0.2249999999999999,0.3,47.25,-48.38,-1.12,525.38,80.0
1.0,0.2499999999999999,0.1,71.5,-74.75,-3.25,574.5,80.0
1.0,0.2499999999999999,0.15,113.75,-27.75,86.0,510.25,80.0
1.0,0.2499999999999999,0.2,108.75,-37.0,71.75,524.5,80.0
1.0,0.2499999999999999,0.25,103.75,-46.25,57.5,538.75,80.0
1.0,0.2499999999999999,0.3,98.75,-55.5,43.25,553.0,70.0
1.1,0.2749999999999999,0.1,128.88,-142.0,-13.12,638.75,80.0
1.1,0.2749999999999999,0.15,187.75,-158.0,29.75,609.62,80.0
1.1,0.2749999999999999,0.2,185.25,-169.88,15.38,624.0,70.0
1.1,0.2749999999999999,0.25,182.75,-117.88,64.88,596.5,70.0
1.1,0.2749999999999999,0.3,180.25,-58.25,122.0,553.12,70.0
1.1999999999999995,0.2999999999999999,0.1,127.5,-144.5,-17.0,705.5,80.0
1.1999999999999995,0.2999999999999999,0.15,120.75,-91.5,29.25,690.75,80.0
1.1999999999999995,0.2999999999999999,0.2,114.0,-105.0,9.0,711.0,80.0
1.1999999999999995,0.2999999999999999,0.25,107.25,-118.5,-11.25,731.25,80.0
1.1999999999999995,0.2999999999999999,0.3,172.5,-132.0,40.5,715.5,80.0
1.2999999999999998,0.3249999999999999,0.1,18.12,17.25,35.38,746.25,70.0
1.2999999999999998,0.3249999999999999,0.15,0.38,8.0,8.38,773.25,70.0
1.2999999999999998,0.3249999999999999,0.2,64.12,-1.25,62.88,735.0,80.0
1.2999999999999998,0.3249999999999999,0.25,120.5,-10.5,110.0,709.0,80.0
1.2999999999999998,0.3249999999999999,0.3,109.5,-19.75,89.75,729.25,80.0
1.4,0.35,0.1,27.5,60.5,88.0,774.75,80.0
1.4,0.35,0.15,89.0,114.0,203.0,703.5,90.0
1.4,0.35,0.2,73.75,104.75,178.5,728.0,80.0
1.4,0.35,0.25,58.5,95.5,154.0,752.5,80.0
1.4,0.35,0.3,43.25,86.25,129.5,777.0,70.0
1.4999999999999996,0.3749999999999999,0.1,24.25,-10.12,14.12,895.25,80.0
1.4999999999999996,0.3749999999999999,0.15,8.25,-4.88,3.38,906.0,80.0
1.4999999999999996,0.3749999999999999,0.2,4.0,74.12,78.12,855.62,80.0
1.4999999999999996,0.3749999999999999,0.25,-13.75,63.12,49.38,884.38,80.0
1.4999999999999996,0.3749999999999999,0.3,-17.62,135.75,118.12,836.25,90.0
1.5999999999999996,0.3999999999999999,0.1,114.0,-212.0,-98.0,1038.0,70.0
1.5999999999999996,0.3999999999999999,0.15,98.0,-228.0,-130.0,1070.0,60.0
1.5999999999999996,0.3999999999999999,0.2,82.0,-244.0,-162.0,1102.0,60.0
1.5999999999999996,0.3999999999999999,0.25,66.0,-260.0,-194.0,1134.0,60.0
1.5999999999999996,0.3999999999999999,0.3,50.0,-266.5,-216.5,1156.5,60.0
1.6999999999999995,0.4249999999999999,0.1,247.12,-170.12,77.0,1000.38,80.0
1.6999999999999995,0.4249999999999999,0.15,254.88,-181.88,73.0,1025.62,80.0
1.6999999999999995,0.4249999999999999,0.2,241.38,-193.62,47.75,1050.88,70.0
1.6999999999999995,0.4249999999999999,0.25,227.88,-205.38,22.5,1076.12,70.0
1.6999999999999995,0.4249999999999999,0.3,214.38,-217.12,-2.75,1101.38,70.0
1.7999999999999998,0.4499999999999999,0.1,226.75,-243.5,-16.75,1175.5,70.0
1.7999999999999998,0.4499999999999999,0.15,210.75,-259.5,-48.75,1207.5,70.0
1.7999999999999998,0.4499999999999999,0.2,281.5,-275.5,6.0,1177.5,70.0
1.7999999999999998,0.4499999999999999,0.25,269.75,-291.5,-21.75,1205.25,70.0
1.7999999999999998,0.4499999999999999,0.3,258.0,-307.5,-49.5,1233.0,70.0
1.9,0.4749999999999998,0.1,208.0,-238.62,-30.62,1220.5,70.0
1.9,0.4749999999999998,0.15,198.0,-254.62,-56.62,1246.5,70.0
1.9,0.4749999999999998,0.2,204.75,-270.62,-65.88,1255.75,70.0
1.9,0.4749999999999998,0.25,193.0,-286.62,-93.62,1283.5,70.0
1.9,0.4749999999999998,0.3,181.25,-278.88,-97.62,1287.5,70.0
2.0,0.4999999999999999,0.1,50.0,-241.0,-191.0,1366.0,70.0
2.0,0.4999999999999999,0.15,147.5,-255.25,-107.75,1335.25,70.0
2.0,0.4999999999999999,0.2,137.5,-251.5,-114.0,1341.5,60.0
2.0,0.4999999999999999,0.25,127.5,-267.5,-140.0,1367.5,60.0
2.0,0.4999999999999999,0.3,132.0,-283.5,-151.5,1379.0,60.0
0.4,0.1,0.1,-12.0,20.0,8.0,305.5,60.0
0.4,0.1,0.15,-22.0,10.75,-11.25,324.75,60.0
0.4,0.1,0.2,-32.0,1.5,-30.5,344.0,60.0
0.4,0.1,0.25,-42.0,-7.75,-49.75,363.25,60.0
0.4,0.1,0.3,-57.5,-17.0,-74.5,388.0,60.0
0.5,0.125,0.1,117.75,35.25,153.0,369.5,60.0
0.5,0.125,0.15,106.0,23.5,129.5,393.0,60.0
0.5,0.125,0.2,95.38,48.12,143.5,387.12,70.0
0.5,0.125,0.25,81.88,40.62,122.5,408.12,70.0
0.5,0.125,0.3,68.38,33.12,101.5,429.12,70.0
0.6,0.15,0.1,123.5,181.75,305.25,400.5,70.0
0.6,0.15,0.15,111.75,172.5,284.25,421.5,70.0
0.6,0.15,0.2,100.0,163.25,263.25,442.5,70.0
0.6,0.15,0.25,88.25,154.0,242.25,463.5,60.0
0.6,0.15,0.3,129.75,147.0,276.75,444.75,70.0
0.7,0.175,0.1,10.0,197.62,207.62,427.62,80.0
0.7,0.175,0.15,2.75,191.0,193.75,450.25,80.0
0.7,0.175,0.2,-13.25,181.75,168.5,475.5,80.0
0.7,0.175,0.25,-29.25,172.5,143.25,500.75,70.0
0.7,0.175,0.3,-45.25,163.25,118.0,526.0,70.0
0.7999999999999999,0.1999999999999999,0.1,-42.5,98.5,56.0,450.0,80.0
0.7999999999999999,0.1999999999999999,0.15,-54.25,83.25,29.0,477.0,80.0
0.7999999999999999,0.1999999999999999,0.2,-66.0,68.0,2.0,504.0,70.0
0.7999999999999999,0.1999999999999999,0.25,-77.75,52.75,-25.0,531.0,70.0
0.7999999999999999,0.1999999999999999,0.3,-89.5,37.5,-52.0,558.0,60.0
0.8999999999999999,0.2249999999999999,0.1,-86.38,49.38,-37.0,538.75,70.0
0.8999999999999999,0.2249999999999999,0.15,-96.38,34.12,-62.25,564.0,70.0
0.8999999999999999,0.2249999999999999,0.2,-106.38,18.88,-87.5,589.25,70.0
0.8999999999999999,0.2249999999999999,0.25,-116.38,14.88,-101.5,614.5,70.0
0.8999999999999999,0.2249999999999999,0.3,-115.12,-0.38,-115.5,639.75,70.0
1.0,0.2499999999999999,0.1,-78.5,55.5,-23.0,636.75,70.0
1.0,0.2499999999999999,0.15,-90.25,39.5,-50.75,664.5,70.0
1.0,0.2499999999999999,0.2,-102.0,23.5,-78.5,692.25,70.0
1.0,0.2499999999999999,0.25,-113.75,7.5,-106.25,720.0,60.0
1.0,0.2499999999999999,0.3,-125.5,-8.5,-134.0,747.75,60.0
1.1,0.2749999999999999,0.1,-66.75,-4.5,-71.25,712.0,70.0
1.1,0.2749999999999999,0.15,-76.75,-20.5,-97.25,738.0,60.0
1.1,0.2749999999999999,0.2,-86.75,-36.5,-123.25,764.0,60.0
1.1,0.2749999999999999,0.25,-96.75,-52.5,-149.25,790.0,60.0
1.1,0.2749999999999999,0.3,-106.75,-68.5,-175.25,816.0,50.0
1.1999999999999995,0.2999999999999999,0.1,-43.0,42.5,-0.5,779.0,70.0
1.1999999999999995,0.2999999999999999,0.15,-39.75,30.0,-9.75,803.25,70.0
1.1999999999999995,0.2999999999999999,0.2,-51.5,17.5,-34.0,827.5,70.0
1.1999999999999995,0.2999999999999999,0.25,-63.25,5.0,-58.25,851.75,70.0
1.1999999999999995,0.2999999999999999,0.3,-75.0,-7.5,-82.5,876.0,70.0
1.2999999999999998,0.3249999999999999,0.1,-158.5,56.25,-102.25,849.75,70.0
1.2999999999999998,0.3249999999999999,0.15,-172.75,60.0,-112.75,876.5,70.0
1.2999999999999998,0.3249999999999999,0.2,-177.75,47.5,-130.25,894.0,60.0
1.2999999999999998,0.3249999999999999,0.25,-122.12,35.0,-87.12,876.88,70.0
1.2999999999999998,0.3249999999999999,0.3,-133.88,22.5,-111.38,901.12,70.0
1.4,0.35,0.1,-229.75,62.5,-167.25,954.75,60.0
1.4,0.35,0.15,-244.0,50.0,-194.0,981.5,60.0
1.4,0.35,0.2,-258.25,37.5,-220.75,1008.25,60.0
1.4,0.35,0.25,-272.5,25.0,-247.5,1035.0,60.0
1.4,0.35,0.3,-286.75,12.5,-274.25,1061.75,60.0
1.4999999999999996,0.3749999999999999,0.1,-196.25,84.0,-112.25,1004.75,60.0
1.4999999999999996,0.3749999999999999,0.15,-206.25,69.75,-136.5,1029.0,60.0
1.4999999999999996,0.3749999999999999,0.2,-216.25,130.62,-85.62,996.88,60.0
1.4999999999999996,0.3749999999999999,0.25,-173.12,120.62,-52.5,1001.25,60.0
1.4999999999999996,0.3749999999999999,0.3,-184.88,110.62,-74.25,1023.0,60.0
1.5999999999999996,0.3999999999999999,0.1,-168.0,55.0,-113.0,1065.0,60.0
1.5999999999999996,0.3999999999999999,0.15,-178.0,42.5,-135.5,1087.5,60.0
1.5999999999999996,0.3999999999999999,0.2,-188.0,43.0,-145.0,1097.0,60.0
1.5999999999999996,0.3999999999999999,0.25,-198.0,28.75,-169.25,1121.25,60.0
1.5999999999999996,0.3999999999999999,0.3,-188.0,14.5,-173.5,1145.5,60.0
1.6999999999999995,0.4249999999999999,0.1,-209.12,24.62,-184.5,1057.88,60.0
1.6999999999999995,0.4249999999999999,0.15,-219.12,10.38,-208.75,1082.12,60.0
1.6999999999999995,0.4249999999999999,0.2,-229.12,-3.88,-233.0,1106.38,60.0
1.6999999999999995,0.4249999999999999,0.25,-239.12,-18.12,-257.25,1130.62,60.0
1.6999999999999995,0.4249999999999999,0.3,-249.12,-32.38,-281.5,1154.88,60.0
1.7999999999999998,0.4499999999999999,0.1,-317.5,49.75,-267.75,1156.5,60.0
1.7999999999999998,0.4499999999999999,0.15,-330.0,39.75,-290.25,1179.0,60.0
1.7999999999999998,0.4499999999999999,0.2,-240.25,29.75,-210.5,1135.25,60.0
1.7999999999999998,0.4499999999999999,0.25,-250.25,19.75,-230.5,1155.25,60.0
1.7999999999999998,0.4499999999999999,0.3,-237.75,9.75,-228.0,1175.25,60.0
1.9,0.4749999999999998,0.1,-333.75,-53.25,-387.0,1277.62,60.0
1.9,0.4749999999999998,0.15,-346.25,-63.25,-409.5,1300.12,60.0
1.9,0.4749999999999998,0.2,-358.75,-73.25,-432.0,1322.62,60.0
1.9,0.4749999999999998,0.25,-371.25,-83.25,-454.5,1345.12,60.0
1.9,0.4749999999999998,0.3,-383.75,-93.25,-477.0,1367.62,60.0
2.0,0.4999999999999999,0.1,-225.0,71.5,-153.5,1316.0,70.0
2.0,0.4999999999999999,0.15,-237.5,57.25,-180.25,1342.75,70.0
2.0,0.4999999999999999,0.2,-250.0,43.0,-207.0,1369.5,70.0
2.0,0.4999999999999999,0.25,-262.5,28.75,-233.75,1396.25,70.0
2.0,0.4999999999999999,0.3,-275.0,150.0,-125.0,1347.5,70.0
0.4,0.1,0.1,132.0,109.0,241.0,248.5,80.0
0.4,0.1,0.15,125.25,99.75,225.0,264.5,80.0
0.4,0.1,0.2,151.0,151.5,302.5,202.5,90.0
0.4,0.1,0.25,148.5,147.25,295.75,209.25,90.0
0.4,0.1,0.3,146.0,143.0,289.0,216.0,90.0
0.5,0.125,0.1,222.12,78.25,300.38,343.38,80.0
0.5,0.125,0.15,212.88,95.12,308.0,343.88,80.0
0.5,0.125,0.2,203.62,122.38,326.0,334.62,80.0
0.5,0.125,0.25,235.0,115.62,350.62,316.25,80.0
0.5,0.125,0.3,230.0,108.88,338.88,328.0,80.0
0.6,0.15,0.1,168.5,104.75,273.25,432.5,60.0
0.6,0.15,0.15,195.0,93.0,288.0,433.5,70.0
0.6,0.15,0.2,185.75,81.25,267.0,454.5,70.0
0.6,0.15,0.25,221.0,112.75,333.75,403.5,80.0
0.6,0.15,0.3,216.0,152.25,368.25,377.25,80.0
0.7,0.175,0.1,-0.75,104.88,104.12,404.25,80.0
0.7,0.175,0.15,27.38,103.5,130.88,387.12,90.0
0.7,0.175,0.2,24.25,94.25,118.5,399.5,80.0
0.7,0.175,0.25,20.25,85.0,105.25,412.75,90.0
0.7,0.175,0.3,9.25,75.75,85.0,433.0,80.0
0.7999999999999999,0.1999999999999999,0.1,-92.5,-10.0,-102.5,528.5,60.0
0.7999999999999999,0.1999999999999999,0.15,-104.25,-14.75,-119.0,545.0,60.0
0.7999999999999999,0.1999999999999999,0.2,-100.0,-20.0,-120.0,556.0,60.0
0.7999999999999999,0.1999999999999999,0.25,-113.5,-36.0,-149.5,585.5,60.0
0.7999999999999999,0.1999999999999999,0.3,-127.0,-52.0,-179.0,615.0,60.0
0.8999999999999999,0.2249999999999999,0.1,-106.75,50.75,-56.0,535.25,60.0
0.8999999999999999,0.2249999999999999,0.15,-118.5,39.0,-79.5,558.75,60.0
0.8999999999999999,0.2249999999999999,0.2,-114.75,27.25,-87.5,578.0,60.0
0.8999999999999999,0.2249999999999999,0.25,-128.25,18.0,-110.25,600.75,60.0
0.8999999999999999,0.2249999999999999,0.3,-141.75,4.5,-137.25,627.75,60.0
1.0,0.2499999999999999,0.1,-92.25,30.5,-61.75,593.0,70.0
1.0,0.2499999999999999,0.15,-106.5,17.0,-89.5,620.75,60.0
1.0,0.2499999999999999,0.2,-115.25,3.5,-111.75,643.0,60.0
1.0,0.2499999999999999,0.25,-131.25,-10.0,-141.25,672.5,60.0
1.0,0.2499999999999999,0.3,-81.0,-23.5,-104.5,649.5,70.0
1.1,0.2749999999999999,0.1,-117.88,53.5,-64.38,669.38,70.0
1.1,0.2749999999999999,0.15,-132.12,41.75,-90.38,695.38,60.0
1.1,0.2749999999999999,0.2,-146.38,30.0,-116.38,721.38,60.0
1.1,0.2749999999999999,0.25,-156.5,18.25,-138.25,743.25,60.0
1.1,0.2749999999999999,0.3,-170.75,6.5,-164.25,769.25,60.0
1.1999999999999995,0.2999999999999999,0.1,-141.0,-80.0,-221.0,761.0,50.0
1.1999999999999995,0.2999999999999999,0.15,-155.25,-87.0,-242.25,782.25,50.0
1.1999999999999995,0.2999999999999999,0.2,-169.5,-103.0,-272.5,812.5,50.0
1.1999999999999995,0.2999999999999999,0.25,-183.75,-108.25,-292.0,832.0,50.0
1.1999999999999995,0.2999999999999999,0.3,-198.0,-126.0,-324.0,864.0,50.0
1.2999999999999998,0.3249999999999999,0.1,-114.38,-64.5,-178.88,837.0,60.0
1.2999999999999998,0.3249999999999999,0.15,-126.88,-80.5,-207.38,865.5,60.0
1.2999999999999998,0.3249999999999999,0.2,-139.38,-96.5,-235.88,894.0,50.0
1.2999999999999998,0.3249999999999999,0.25,-151.88,-112.5,-264.38,922.5,50.0
1.2999999999999998,0.3249999999999999,0.3,-164.38,-128.5,-292.88,951.0,50.0
1.4,0.35,0.1,-51.25,-75.75,-127.0,897.0,70.0
1.4,0.35,0.15,-63.75,-91.75,-155.5,925.5,70.0
1.4,0.35,0.2,-76.25,-107.75,-184.0,954.0,60.0
1.4,0.35,0.25,-88.75,-123.75,-212.5,982.5,60.0
1.4,0.35,0.3,-101.25,-139.75,-241.0,1011.0,60.0
1.4999999999999996,0.3749999999999999,0.1,-193.75,44.0,-149.75,948.5,70.0
1.4999999999999996,0.3749999999999999,0.15,-206.25,32.25,-174.0,972.75,70.0
1.4999999999999996,0.3749999999999999,0.2,-218.75,20.5,-198.25,997.0,70.0
1.4999999999999996,0.3749999999999999,0.25,-231.25,8.75,-222.5,1021.25,60.0
1.4999999999999996,0.3749999999999999,0.3,-243.75,-3.0,-246.75,1045.5,60.0
1.5999999999999996,0.3999999999999999,0.1,-205.0,52.0,-153.0,1015.0,70.0
1.5999999999999996,0.3999999999999999,0.15,-217.5,42.0,-175.5,1037.5,70.0
1.5999999999999996,0.3999999999999999,0.2,-230.0,32.0,-198.0,1060.0,70.0
1.5999999999999996,0.3999999999999999,0.25,-242.5,22.0,-220.5,1082.5,60.0
1.5999999999999996,0.3999999999999999,0.3,-255.0,21.5,-233.5,1095.5,60.0
1.6999999999999995,0.4249999999999999,0.1,-216.25,24.62,-191.62,1094.75,70.0
1.6999999999999995,0.4249999999999999,0.15,-228.75,10.38,-218.38,1121.5,60.0
1.6999999999999995,0.4249999999999999,0.2,-241.25,79.0,-162.25,1099.38,60.0
1.6999999999999995,0.4249999999999999,0.25,-253.75,69.0,-184.75,1121.88,60.0
1.6999999999999995,0.4249999999999999,0.3,-266.25,80.25,-186.0,1144.38,70.0
1.7999999999999998,0.4499999999999999,0.1,-283.75,121.25,-162.5,1175.0,60.0
1.7999999999999998,0.4499999999999999,0.15,-196.5,208.5,12.0,1047.75,70.0
1.7999999999999998,0.4499999999999999,0.2,-206.5,198.5,-8.0,1067.75,70.0
1.7999999999999998,0.4499999999999999,0.25,-216.5,188.5,-28.0,1087.75,70.0
1.7999999999999998,0.4499999999999999,0.3,-226.5,178.5,-48.0,1107.75,70.0
1.9,0.4749999999999998,0.1,-274.38,133.0,-141.38,1210.12,60.0
1.9,0.4749999999999998,0.15,-286.88,118.75,-168.12,1236.88,60.0
1.9,0.4749999999999998,0.2,-299.38,104.5,-194.88,1263.62,60.0
1.9,0.4749999999999998,0.25,-202.0,90.25,-111.75,1206.62,70.0
1.9,0.4749999999999998,0.3,-164.5,76.0,-88.5,1230.88,70.0
2.0,0.4999999999999999,0.1,-205.0,41.5,-163.5,1211.0,70.0
2.0,0.4999999999999999,0.15,-215.0,27.25,-187.75,1232.75,70.0
2.0,0.4999999999999999,0.2,-225.0,13.0,-212.0,1254.5,70.0
2.0,0.4999999999999999,0.25,-218.75,-1.25,-220.0,1260.0,70.0
2.0,0.4999999999999999,0.3,-230.5,9.5,-221.0,1273.5,70.0
0.4,0.1,0.1,76.5,61.5,138.0,266.0,80.0
0.4,0.1,0.15,117.75,57.75,175.5,239.0,80.0
0.4,0.1,0.2,111.0,51.0,162.0,252.5,80.0
0.4,0.1,0.25,104.25,44.25,148.5,266.0,80.0
0.4,0.1,0.3,97.5,37.5,135.0,279.5,80.0
0.5,0.125,0.1,128.5,159.62,288.12,361.25,60.0
0.5,0.125,0.15,143.0,150.38,293.38,362.25,60.0
0.5,0.125,0.2,127.75,141.12,268.88,386.75,60.0
0.5,0.125,0.25,112.5,131.88,244.38,411.25,60.0
0.5,0.125,0.3,97.25,122.62,219.88,435.75,60.0
0.6,0.15,0.1,58.25,39.5,97.75,448.25,60.0
0.6,0.15,0.15,54.0,29.25,83.25,477.75,60.0
0.6,0.15,0.2,42.25,92.5,134.75,441.25,70.0
0.6,0.15,0.25,30.5,81.5,112.0,464.0,70.0
0.6,0.15,0.3,26.25,70.5,96.75,486.75,70.0
0.7,0.175,0.1,-20.62,17.62,-3.0,465.0,60.0
0.7,0.175,0.15,-29.62,5.88,-23.75,485.75,60.0
0.7,0.175,0.2,4.62,-5.88,-1.25,477.25,70.0
0.7,0.175,0.25,-7.12,-8.88,-16.0,500.75,70.0
0.7,0.175,0.3,36.38,-20.62,15.75,483.0,70.0
0.7999999999999999,0.1999999999999999,0.1,2.5,-82.5,-80.0,485.0,70.0
0.7999999999999999,0.1999999999999999,0.15,-9.25,-100.25,-109.5,514.5,60.0
0.7999999999999999,0.1999999999999999,0.2,-15.0,-115.0,-130.0,535.0,60.0
0.7999999999999999,0.1999999999999999,0.25,-28.5,-132.75,-161.25,566.25,60.0
0.7999999999999999,0.1999999999999999,0.3,-42.0,-94.0,-136.0,554.0,70.0
0.8999999999999999,0.2249999999999999,0.1,28.25,-16.75,11.5,517.25,90.0
0.8999999999999999,0.2249999999999999,0.15,27.75,-22.5,5.25,534.75,80.0
0.8999999999999999,0.2249999999999999,0.2,20.25,-36.0,-15.75,555.75,80.0
0.8999999999999999,0.2249999999999999,0.25,6.75,-49.5,-42.75,582.75,70.0
0.8999999999999999,0.2249999999999999,0.3,-6.75,-63.0,-69.75,609.75,70.0
1.0,0.2499999999999999,0.1,-37.5,-57.0,-94.5,594.5,60.0
1.0,0.2499999999999999,0.15,-47.5,-70.5,-118.0,618.0,60.0
1.0,0.2499999999999999,0.2,-57.5,-84.0,-141.5,641.5,60.0
1.0,0.2499999999999999,0.25,-67.5,-97.5,-165.0,665.0,60.0
1.0,0.2499999999999999,0.3,-77.5,-111.0,-188.5,688.5,60.0
1.1,0.2749999999999999,0.1,-113.75,-58.5,-172.25,766.25,50.0
1.1,0.2749999999999999,0.15,-114.25,-68.5,-182.75,790.5,50.0
1.1,0.2749999999999999,0.2,-128.5,-71.75,-200.25,808.0,50.0
1.1,0.2749999999999999,0.25,-142.75,-83.5,-226.25,834.0,50.0
1.1,0.2749999999999999,0.3,-157.0,-95.25,-252.25,860.0,50.0
1.1999999999999995,0.2999999999999999,0.1,-8.0,-102.5,-110.5,793.0,70.0
1.1999999999999995,0.2999999999999999,0.15,-24.0,-118.5,-142.5,825.0,60.0
1.1999999999999995,0.2999999999999999,0.2,31.5,-71.0,-39.5,773.0,60.0
1.1999999999999995,0.2999999999999999,0.25,18.0,-82.75,-64.75,798.25,60.0
1.1999999999999995,0.2999999999999999,0.3,4.5,-79.5,-75.0,823.5,60.0
1.2999999999999998,0.3249999999999999,0.1,0.5,-7.38,-6.88,819.38,80.0
1.2999999999999998,0.3249999999999999,0.15,-15.5,-21.62,-37.12,849.62,70.0
1.2999999999999998,0.3249999999999999,0.2,-31.5,-35.88,-67.38,879.88,70.0
1.2999999999999998,0.3249999999999999,0.25,-42.62,14.88,-27.75,905.25,70.0
1.2999999999999998,0.3249999999999999,0.3,23.0,76.5,99.5,833.25,80.0
1.4,0.35,0.1,43.25,-63.5,-20.25,869.0,60.0
1.4,0.35,0.15,25.5,-77.75,-52.25,901.0,60.0
1.4,0.35,0.2,7.75,-74.5,-66.75,933.0,60.0
1.4,0.35,0.25,-10.0,-88.75,-98.75,965.0,60.0
1.4,0.35,0.3,-27.75,-103.0,-130.75,997.0,50.0
1.4999999999999996,0.3749999999999999,0.1,61.75,-66.0,-4.25,941.75,70.0
1.4999999999999996,0.3749999999999999,0.15,45.75,-80.25,-34.5,972.0,70.0
1.4999999999999996,0.3749999999999999,0.2,29.75,-94.5,-64.75,1002.25,70.0
1.4999999999999996,0.3749999999999999,0.25,13.75,-108.75,-95.0,1032.5,60.0
1.4999999999999996,0.3749999999999999,0.3,-2.25,-123.0,-125.25,1062.75,60.0
1.5999999999999996,0.3999999999999999,0.1,-75.0,1.5,-73.5,1033.5,60.0
1.5999999999999996,0.3999999999999999,0.15,-87.5,-12.75,-100.25,1060.25,60.0
1.5999999999999996,0.3999999999999999,0.2,-20.0,-27.0,-47.0,1087.0,70.0
1.5999999999999996,0.3999999999999999,0.25,-32.5,-41.25,-73.75,1113.75,70.0
1.5999999999999996,0.3999999999999999,0.3,-45.0,-55.5,-100.5,1140.5,70.0
1.6999999999999995,0.4249999999999999,0.1,-92.25,109.62,17.38,1023.88,70.0
1.6999999999999995,0.4249999999999999,0.15,-64.0,99.62,35.62,1048.12,80.0
1.6999999999999995,0.4249999999999999,0.2,-78.25,110.88,32.62,1072.38,80.0
1.6999999999999995,0.4249999999999999,0.25,-92.5,100.88,8.38,1096.62,70.0
1.6999999999999995,0.4249999999999999,0.3,-106.75,90.88,-15.88,1120.88,70.0
1.7999999999999998,0.4499999999999999,0.1,-84.75,173.5,88.75,1081.25,80.0
1.7999999999999998,0.4499999999999999,0.15,-76.5,163.5,87.0,1105.5,80.0
1.7999999999999998,0.4499999999999999,0.2,-90.75,153.5,62.75,1129.75,80.0
1.7999999999999998,0.4499999999999999,0.25,-105.0,143.5,38.5,1154.0,70.0
1.7999999999999998,0.4499999999999999,0.3,-96.75,133.5,36.75,1178.25,70.0
1.9,0.4749999999999998,0.1,-250.62,153.25,-97.38,1284.88,70.0
1.9,0.4749999999999998,0.15,-263.12,137.25,-125.88,1313.38,70.0
1.9,0.4749999999999998,0.2,-275.62,121.25,-154.38,1341.88,70.0
1.9,0.4749999999999998,0.25,-288.12,105.25,-182.88,1370.38,70.0
1.9,0.4749999999999998,0.3,-276.88,89.25,-187.62,1375.12,70.0
2.0,0.4999999999999999,0.1,-187.5,9.0,-178.5,1361.0,70.0
2.0,0.4999999999999999,0.15,-200.0,-5.25,-205.25,1385.25,70.0
2.0,0.4999999999999999,0.2,-212.5,5.5,-207.0,1409.5,70.0
2.0,0.4999999999999999,0.25,-225.0,-8.75,-233.75,1433.75,70.0
2.0,0.4999999999999999,0.3,-237.5,-23.0,-260.5,1460.5,60.0
0.4,0.1,0.1,151.0,52.0,203.0,295.0,70.0
0.4,0.1,0.15,143.5,38.25,181.75,316.25,70.0
0.4,0.1,0.2,136.0,23.0,159.0,339.0,70.0
0.4,0.1,0.25,128.5,7.75,136.25,361.75,70.0
0.4,0.1,0.3,121.0,-7.5,113.5,384.5,70.0
0.5,0.125,0.1,186.5,76.75,263.25,368.0,70.0
0.5,0.125,0.15,181.0,63.25,244.25,393.25,60.0
0.5,0.125,0.2,169.25,85.38,254.62,392.88,60.0
0.5,0.125,0.25,157.5,74.38,231.88,415.62,60.0
0.5,0.125,0.3,145.75,63.38,209.12,438.38,60.0
0.6,0.15,0.1,122.25,239.5,361.75,427.25,70.0
0.6,0.15,0.15,108.75,237.0,345.75,450.75,70.0
0.6,0.15,0.2,95.25,227.0,322.25,474.25,70.0
0.6,0.15,0.25,81.75,217.0,298.75,497.75,60.0
0.6,0.15,0.3,68.25,207.0,275.25,521.25,60.0
0.7,0.175,0.1,-20.62,68.38,47.75,447.5,70.0
0.7,0.175,0.15,-36.62,54.88,18.25,477.0,60.0
0.7,0.175,0.2,37.38,41.38,78.75,442.75,70.0
0.7,0.175,0.25,28.12,27.88,56.0,465.5,70.0
0.7,0.175,0.3,18.88,14.38,33.25,488.25,70.0
0.7999999999999999,0.1999999999999999,0.1,-58.5,45.5,-13.0,502.0,80.0
0.7999999999999999,0.1999999999999999,0.15,-26.0,33.75,7.75,495.25,60.0
0.7999999999999999,0.1999999999999999,0.2,-36.0,22.0,-14.0,517.0,60.0
0.7999999999999999,0.1999999999999999,0.25,-46.0,10.25,-35.75,538.75,60.0
0.7999999999999999,0.1999999999999999,0.3,-56.0,-1.5,-57.5,560.5,60.0
0.8999999999999999,0.2249999999999999,0.1,-56.12,-0.38,-56.5,592.0,70.0
0.8999999999999999,0.2249999999999999,0.15,-67.88,-14.62,-82.5,618.0,60.0
0.8999999999999999,0.2249999999999999,0.2,-75.38,23.0,-52.38,600.25,60.0
0.8999999999999999,0.2249999999999999,0.25,-88.88,13.0,-75.88,623.75,60.0
0.8999999999999999,0.2249999999999999,0.3,-102.38,3.0,-99.38,647.25,60.0
1.0,0.2499999999999999,0.1,-112.5,21.5,-91.0,704.75,70.0
1.0,0.2499999999999999,0.15,-122.5,18.25,-104.25,718.0,60.0
1.0,0.2499999999999999,0.2,-132.5,2.25,-130.25,744.0,60.0
1.0,0.2499999999999999,0.25,-66.25,-13.75,-80.0,718.75,60.0
1.0,0.2499999999999999,0.3,-73.75,-29.75,-103.5,742.25,60.0
1.1,0.2749999999999999,0.1,-104.25,-66.38,-170.62,720.62,70.0
1.1,0.2749999999999999,0.15,-117.88,-82.38,-200.25,750.25,70.0
1.1,0.2749999999999999,0.2,-76.0,-98.38,-174.38,738.12,70.0
1.1,0.2749999999999999,0.25,-84.5,-50.5,-135.0,713.88,70.0
1.1,0.2749999999999999,0.3,-99.75,-62.25,-162.0,740.88,60.0
1.1999999999999995,0.2999999999999999,0.1,-20.5,-55.0,-75.5,765.5,80.0
1.1999999999999995,0.2999999999999999,0.15,-33.75,-42.75,-76.5,781.5,70.0
1.1999999999999995,0.2999999999999999,0.2,-51.5,-57.0,-108.5,813.5,70.0
1.1999999999999995,0.2999999999999999,0.25,-69.25,-71.25,-140.5,845.5,70.0
1.1999999999999995,0.2999999999999999,0.3,-87.0,-85.5,-172.5,877.5,60.0
1.2999999999999998,0.3249999999999999,0.1,-57.88,-61.0,-118.88,843.62,70.0
1.2999999999999998,0.3249999999999999,0.15,-71.38,-64.25,-135.62,860.38,60.0
1.2999999999999998,0.3249999999999999,0.2,-84.88,-80.25,-165.12,889.88,60.0
1.2999999999999998,0.3249999999999999,0.25,-98.38,-88.75,-187.12,911.88,60.0
1.2999999999999998,0.3249999999999999,0.3,-111.88,-30.62,-142.5,883.5,60.0
1.4,0.35,0.1,-48.0,-28.5,-76.5,909.5,80.0
1.4,0.35,0.15,-47.5,-42.75,-90.25,923.25,70.0
1.4,0.35,0.2,-61.0,-57.0,-118.0,951.0,70.0
1.4,0.35,0.25,-74.5,-71.25,-145.75,978.75,60.0
1.4,0.35,0.3,-88.0,1.25,-86.75,937.25,70.0
1.4999999999999996,0.3749999999999999,0.1,-78.88,28.75,-50.12,950.12,80.0
1.4999999999999996,0.3749999999999999,0.15,-94.88,18.75,-76.12,976.12,70.0
1.4999999999999996,0.3749999999999999,0.2,-110.88,27.5,-83.38,1002.12,70.0
1.4999999999999996,0.3749999999999999,0.25,-28.75,27.5,-1.25,978.12,80.0
1.4999999999999996,0.3749999999999999,0.3,-40.5,15.75,-24.75,1001.62,70.0
1.5999999999999996,0.3999999999999999,0.1,-135.0,149.0,14.0,1038.0,60.0
1.5999999999999996,0.3999999999999999,0.15,-58.0,161.5,103.5,1010.5,70.0
1.5999999999999996,0.3999999999999999,0.2,-68.0,154.0,86.0,1028.0,70.0
1.5999999999999996,0.3999999999999999,0.25,-78.0,146.5,68.5,1045.5,70.0
1.5999999999999996,0.3999999999999999,0.3,-88.0,179.0,91.0,1063.0,70.0
1.6999999999999995,0.4249999999999999,0.1,-25.0,-134.75,-159.75,1094.75,70.0
1.6999999999999995,0.4249999999999999,0.15,-37.5,-48.0,-85.5,1048.12,70.0
1.6999999999999995,0.4249999999999999,0.2,-50.0,44.38,-5.62,1010.75,70.0
1.6999999999999995,0.4249999999999999,0.25,37.12,36.88,74.0,952.38,70.0
1.6999999999999995,0.4249999999999999,0.3,27.12,29.38,56.5,969.88,70.0
1.7999999999999998,0.4499999999999999,0.1,-25.0,-145.5,-170.5,1149.25,70.0
1.7999999999999998,0.4499999999999999,0.15,-37.5,-159.75,-197.25,1176.0,60.0
1.7999999999999998,0.4499999999999999,0.2,-50.0,-174.0,-224.0,1202.75,60.0
1.7999999999999998,0.4499999999999999,0.25,-62.5,-83.5,-146.0,1147.25,60.0
1.7999999999999998,0.4499999999999999,0.3,-75.0,-95.25,-170.25,1171.5,60.0
1.9,0.4749999999999998,0.1,29.88,-94.88,-65.0,1098.12,70.0
1.9,0.4749999999999998,0.15,19.88,-112.62,-92.75,1125.88,70.0
1.9,0.4749999999999998,0.2,9.88,-130.38,-120.5,1153.62,70.0
1.9,0.4749999999999998,0.25,-0.12,-141.0,-141.12,1174.25,70.0
1.9,0.4749999999999998,0.3,-10.12,-158.75,-168.88,1202.0,70.0
2.0,0.4999999999999999,0.1,7.5,-10.5,-3.0,1153.0,80.0
2.0,0.4999999999999999,0.15,17.25,-20.75,-3.5,1153.5,80.0
2.0,0.4999999999999999,0.2,5.5,-38.5,-33.0,1183.0,80.0
2.0,0.4999999999999999,0.25,-6.25,-48.75,-55.0,1205.0,80.0
2.0,0.4999999999999999,0.3,-18.0,-66.5,-84.5,1234.5,80.0
0.4,0.1,0.1,142.0,242.0,384.0,214.0,90.0
0.4,0.1,0.15,135.25,239.5,374.75,223.25,90.0
0.4,0.1,0.2,130.0,242.0,372.0,231.0,80.0
0.4,0.1,0.25,123.25,239.5,362.75,240.25,80.0
0.4,0.1,0.3,116.5,237.0,353.5,249.5,80.0
0.5,0.125,0.1,48.62,168.12,216.75,319.5,60.0
0.5,0.125,0.15,67.25,165.62,232.88,310.25,70.0
0.5,0.125,0.2,93.62,163.12,256.75,292.62,80.0
0.5,0.125,0.25,86.88,160.62,247.5,301.88,80.0
0.5,0.125,0.3,80.12,158.12,238.25,311.12,80.0
0.6,0.15,0.1,324.25,213.75,538.0,287.0,100.0
0.6,0.15,0.15,321.75,207.0,528.75,296.25,100.0
0.6,0.15,0.2,319.25,207.75,527.0,305.5,100.0
0.6,0.15,0.25,316.75,202.0,518.75,313.75,90.0
0.6,0.15,0.3,321.75,193.5,515.25,324.75,90.0
0.7,0.175,0.1,-17.12,104.88,87.75,411.88,70.0
0.7,0.175,0.15,43.12,100.88,144.0,379.25,70.0
0.7,0.175,0.2,32.12,91.62,123.75,399.5,60.0
0.7,0.175,0.25,21.12,82.38,103.5,419.75,60.0
0.7,0.175,0.3,10.12,125.75,135.88,397.0,70.0
0.7999999999999999,0.1999999999999999,0.1,10.0,-20.0,-10.0,430.0,70.0
0.7999999999999999,0.1999999999999999,0.15,2.5,-33.5,-31.0,451.0,70.0
0.7999999999999999,0.1999999999999999,0.2,-5.0,-47.0,-52.0,472.0,70.0
0.7999999999999999,0.1999999999999999,0.25,-8.25,-8.25,-16.5,450.5,60.0
0.7999999999999999,0.1999999999999999,0.3,-17.5,39.0,21.5,426.5,70.0
0.8999999999999999,0.2249999999999999,0.1,-33.62,-47.5,-81.12,564.88,70.0
0.8999999999999999,0.2249999999999999,0.15,-45.38,-54.0,-99.38,583.12,70.0
0.8999999999999999,0.2249999999999999,0.2,-57.12,-12.12,-69.25,565.38,70.0
0.8999999999999999,0.2249999999999999,0.25,-68.88,-23.88,-92.75,588.88,60.0
0.8999999999999999,0.2249999999999999,0.3,-16.88,-20.25,-37.12,560.25,60.0
1.0,0.2499999999999999,0.1,12.5,-18.5,-6.0,532.25,70.0
1.0,0.2499999999999999,0.15,5.0,-30.25,-25.25,551.5,70.0
1.0,0.2499999999999999,0.2,6.75,-42.0,-35.25,561.5,70.0
1.0,0.2499999999999999,0.25,57.5,-50.0,7.5,536.25,70.0
1.0,0.2499999999999999,0.3,52.5,-63.5,-11.0,554.75,70.0
1.1,0.2749999999999999,0.1,-49.62,-25.5,-75.12,633.38,70.0
1.1,0.2749999999999999,0.15,-61.38,-35.5,-96.88,655.12,70.0
1.1,0.2749999999999999,0.2,-6.75,-38.75,-45.5,617.5,70.0
1.1,0.2749999999999999,0.25,-16.0,-45.5,-61.5,633.5,70.0
1.1,0.2749999999999999,0.3,-25.25,-59.0,-84.25,656.25,70.0
1.1999999999999995,0.2999999999999999,0.1,-19.5,40.5,21.0,604.5,70.0
1.1999999999999995,0.2999999999999999,0.15,-27.0,33.0,6.0,619.5,70.0
1.1999999999999995,0.2999999999999999,0.2,-26.5,25.5,-1.0,626.5,70.0
1.1999999999999995,0.2999999999999999,0.25,-35.75,33.0,-2.75,643.25,70.0
1.1999999999999995,0.2999999999999999,0.3,-45.0,25.5,-19.5,660.0,70.0
1.2999999999999998,0.3249999999999999,0.1,17.25,-5.38,11.88,703.12,70.0
1.2999999999999998,0.3249999999999999,0.15,71.12,-15.38,55.75,675.5,70.0
1.2999999999999998,0.3249999999999999,0.2,66.12,51.25,117.38,631.75,70.0
1.2999999999999998,0.3249999999999999,0.25,61.12,43.75,104.88,644.25,70.0
1.2999999999999998,0.3249999999999999,0.3,56.12,52.5,108.62,656.75,70.0
1.4,0.35,0.1,112.75,27.25,140.0,721.0,70.0
1.4,0.35,0.15,103.5,15.5,119.0,742.0,70.0
1.4,0.35,0.2,94.25,75.0,169.25,714.5,70.0
1.4,0.35,0.25,102.5,67.5,170.0,731.25,70.0
1.4,0.35,0.3,173.0,77.5,250.5,692.75,80.0
1.4999999999999996,0.3749999999999999,0.1,127.75,-103.5,24.25,825.12,70.0
1.4999999999999996,0.3749999999999999,0.15,118.5,-117.75,0.75,848.62,70.0
1.4999999999999996,0.3749999999999999,0.2,109.25,-45.12,64.12,805.88,70.0
1.4999999999999996,0.3749999999999999,0.25,100.0,-56.88,43.12,826.88,70.0
1.4999999999999996,0.3749999999999999,0.3,90.75,-68.62,22.12,847.88,70.0
1.5999999999999996,0.3999999999999999,0.1,4.0,-145.0,-141.0,1011.0,70.0
1.5999999999999996,0.3999999999999999,0.15,-12.0,-142.75,-154.75,1024.75,70.0
1.5999999999999996,0.3999999999999999,0.2,149.0,-65.0,84.0,854.0,70.0
1.5999999999999996,0.3999999999999999,0.25,139.75,-76.75,63.0,875.0,70.0
1.5999999999999996,0.3999999999999999,0.3,130.5,-88.5,42.0,896.0,70.0
1.6999999999999995,0.4249999999999999,0.1,7.0,-53.25,-46.25,928.12,70.0
1.6999999999999995,0.4249999999999999,0.15,-6.5,-52.25,-58.75,940.62,70.0
1.6999999999999995,0.4249999999999999,0.2,-20.0,-64.0,-84.0,965.88,70.0
1.6999999999999995,0.4249999999999999,0.25,-33.5,-75.75,-109.25,991.12,70.0
1.6999999999999995,0.4249999999999999,0.3,44.38,3.88,48.25,891.0,70.0
1.7999999999999998,0.4499999999999999,0.1,-2.25,-77.5,-79.75,1047.25,70.0
1.7999999999999998,0.4499999999999999,0.15,-15.75,-89.25,-105.0,1072.5,70.0
1.7999999999999998,0.4499999999999999,0.2,-29.25,-101.0,-130.25,1097.75,70.0
1.7999999999999998,0.4499999999999999,0.25,-42.75,-112.75,-155.5,1123.0,70.0
1.7999999999999998,0.4499999999999999,0.3,-56.25,-124.5,-180.75,1148.25,70.0
1.9,0.4749999999999998,0.1,-32.0,-99.75,-131.75,1176.75,70.0
1.9,0.4749999999999998,0.15,-48.0,-9.12,-57.12,1125.88,70.0
1.9,0.4749999999999998,0.2,57.62,-20.88,36.75,1070.0,70.0
1.9,0.4749999999999998,0.25,44.12,-32.62,11.5,1095.25,70.0
1.9,0.4749999999999998,0.3,30.62,-44.38,-13.75,1120.5,70.0
2.0,0.4999999999999999,0.1,-8.5,-141.0,-149.5,1189.5,70.0
2.0,0.4999999999999999,0.15,89.75,-155.25,-65.5,1130.5,70.0
2.0,0.4999999999999999,0.2,113.5,-169.5,-56.0,1121.0,70.0
2.0,0.4999999999999999,0.25,102.5,-183.75,-81.25,1146.25,70.0
2.0,0.4999999999999999,0.3,91.5,-80.5,11.0,1081.5,70.0
0.4,0.1,0.1,168.5,137.5,306.0,284.5,70.0
0.4,0.1,0.15,156.75,128.25,285.0,305.5,60.0
0.4,0.1,0.2,145.0,157.5,302.5,301.0,70.0
0.4,0.1,0.25,133.25,150.75,284.0,319.5,60.0
0.4,0.1,0.3,121.5,144.0,265.5,338.0,60.0
0.5,0.125,0.1,167.12,117.12,284.25,345.12,80.0
0.5,0.125,0.15,190.0,107.88,297.88,337.75,80.0
0.5,0.125,0.2,191.25,98.62,289.88,352.0,80.0
0.5,0.125,0.25,186.25,89.38,275.62,366.25,80.0
0.5,0.125,0.3,181.25,80.12,261.38,380.5,80.0
0.6,0.15,0.1,272.25,114.0,386.25,372.75,80.0
0.6,0.15,0.15,265.5,108.75,374.25,384.75,80.0
0.6,0.15,0.2,258.75,107.0,365.75,400.75,80.0
0.6,0.15,0.25,252.0,97.75,349.75,416.75,80.0
0.6,0.15,0.3,249.75,88.5,338.25,428.25,80.0
0.7,0.175,0.1,229.75,70.75,300.5,369.75,80.0
0.7,0.175,0.15,223.0,61.5,284.5,385.75,80.0
0.7,0.175,0.2,225.0,52.25,277.25,393.0,80.0
0.7,0.175,0.25,218.25,60.5,278.75,400.25,80.0
0.7,0.175,0.3,211.5,102.12,313.62,401.25,90.0
0.7999999999999999,0.1999999999999999,0.1,131.5,-5.0,126.5,437.5,80.0
0.7999999999999999,0.1999999999999999,0.15,122.25,-12.5,109.75,454.25,80.0
0.7999999999999999,0.1999999999999999,0.2,133.0,-20.0,113.0,471.0,80.0
0.7999999999999999,0.1999999999999999,0.25,177.25,-27.5,149.75,444.25,90.0
0.7999999999999999,0.1999999999999999,0.3,170.5,-35.0,135.5,458.5,90.0
0.8999999999999999,0.2249999999999999,0.1,13.5,-2.12,11.38,534.25,80.0
0.8999999999999999,0.2249999999999999,0.15,9.38,-13.88,-4.5,550.12,70.0
0.8999999999999999,0.2249999999999999,0.2,-5.88,-25.62,-31.5,577.12,60.0
0.8999999999999999,0.2249999999999999,0.25,-21.12,18.75,-2.38,562.62,70.0
0.8999999999999999,0.2249999999999999,0.3,-36.38,12.0,-24.38,584.62,70.0
1.0,0.2499999999999999,0.1,21.75,18.0,39.75,592.75,90.0
1.0,0.2499999999999999,0.15,13.0,4.5,17.5,615.0,80.0
1.0,0.2499999999999999,0.2,0.75,-9.0,-8.25,640.75,70.0
1.0,0.2499999999999999,0.25,-18.75,-22.5,-41.25,673.75,60.0
1.0,0.2499999999999999,0.3,28.0,28.25,56.25,607.5,70.0
1.1,0.2749999999999999,0.1,47.12,64.62,111.75,612.88,80.0
1.1,0.2749999999999999,0.15,32.88,53.62,86.5,638.12,80.0
1.1,0.2749999999999999,0.2,18.62,42.62,61.25,663.38,80.0
1.1,0.2749999999999999,0.25,9.38,95.5,104.88,637.62,90.0
1.1,0.2749999999999999,0.3,92.25,88.75,181.0,602.75,100.0
1.1999999999999995,0.2999999999999999,0.1,26.5,-25.5,1.0,713.0,60.0
1.1999999999999995,0.2999999999999999,0.15,85.5,14.25,99.75,651.75,70.0
1.1999999999999995,0.2999999999999999,0.2,78.0,-1.0,77.0,674.5,70.0
1.1999999999999995,0.2999999999999999,0.25,70.5,51.5,122.0,653.5,70.0
1.1999999999999995,0.2999999999999999,0.3,63.0,40.5,103.5,672.0,70.0
1.2999999999999998,0.3249999999999999,0.1,27.12,-30.62,-3.5,781.88,70.0
1.2999999999999998,0.3249999999999999,0.15,17.12,-48.38,-31.25,809.62,70.0
1.2999999999999998,0.3249999999999999,0.2,7.12,24.62,31.75,767.75,80.0
1.2999999999999998,0.3249999999999999,0.25,4.62,7.62,12.25,787.25,80.0
1.2999999999999998,0.3249999999999999,0.3,-7.12,-9.38,-16.5,816.0,70.0
1.4,0.35,0.1,-70.5,-44.25,-114.75,858.5,60.0
1.4,0.35,0.15,-84.75,-62.0,-146.75,890.5,60.0
1.4,0.35,0.2,-99.0,-79.75,-178.75,922.5,50.0
1.4,0.35,0.25,-37.75,-97.5,-135.25,917.5,60.0
1.4,0.35,0.3,-47.75,-11.0,-58.75,876.0,70.0
1.4999999999999996,0.3749999999999999,0.1,-19.12,-33.62,-52.75,915.25,60.0
1.4999999999999996,0.3749999999999999,0.15,-33.38,-51.38,-84.75,947.25,60.0
1.4999999999999996,0.3749999999999999,0.2,-47.62,-69.12,-116.75,979.25,60.0
1.4999999999999996,0.3749999999999999,0.25,-61.88,-86.88,-148.75,1011.25,60.0
1.4999999999999996,0.3749999999999999,0.3,-76.12,-104.62,-180.75,1043.25,60.0
1.5999999999999996,0.3999999999999999,0.1,-98.5,-32.5,-131.0,1011.0,80.0
1.5999999999999996,0.3999999999999999,0.15,-98.0,-32.0,-130.0,1010.0,70.0
1.5999999999999996,0.3999999999999999,0.2,-114.0,-35.0,-149.0,1029.0,70.0
1.5999999999999996,0.3999999999999999,0.25,-130.0,-46.75,-176.75,1056.75,70.0
1.5999999999999996,0.3999999999999999,0.3,-146.0,-64.5,-210.5,1090.5,60.0
1.6999999999999995,0.4249999999999999,0.1,-57.5,-163.12,-220.62,1070.62,70.0
1.6999999999999995,0.4249999999999999,0.15,-73.5,-175.62,-249.12,1099.12,60.0
1.6999999999999995,0.4249999999999999,0.2,-89.5,-173.88,-263.38,1113.38,60.0
1.6999999999999995,0.4249999999999999,0.25,-84.25,-188.12,-272.38,1143.62,50.0
1.6999999999999995,0.4249999999999999,0.3,-100.25,-180.88,-281.12,1152.38,50.0
1.7999999999999998,0.4499999999999999,0.1,-65.75,-148.75,-214.5,1137.0,60.0
1.7999999999999998,0.4499999999999999,0.15,-81.75,-161.25,-243.0,1165.5,60.0
1.7999999999999998,0.4499999999999999,0.2,-97.75,-173.75,-271.5,1194.0,60.0
1.7999999999999998,0.4499999999999999,0.25,-113.75,-186.25,-300.0,1222.5,60.0
1.7999999999999998,0.4499999999999999,0.3,-129.75,-186.75,-316.5,1239.0,50.0
1.9,0.4749999999999998,0.1,42.75,-111.62,-68.88,1197.0,70.0
1.9,0.4749999999999998,0.15,28.5,-125.88,-97.38,1225.5,70.0
1.9,0.4749999999999998,0.2,14.25,-140.12,-125.88,1254.0,70.0
1.9,0.4749999999999998,0.25,0.0,-154.38,-154.38,1282.5,70.0
1.9,0.4749999999999998,0.3,-14.25,-168.62,-182.88,1311.0,60.0
2.0,0.4999999999999999,0.1,-75.0,-153.5,-228.5,1278.5,70.0
2.0,0.4999999999999999,0.15,-67.75,-142.75,-210.5,1285.5,70.0
2.0,0.4999999999999999,0.2,-82.0,-157.0,-239.0,1314.0,70.0
2.0,0.4999999999999999,0.25,-96.25,-171.25,-267.5,1342.5,70.0
2.0,0.4999999999999999,0.3,-110.5,-185.5,-296.0,1371.0,60.0
0.4,0.1,0.1,42.5,64.0,106.5,282.0,60.0
0.4,0.1,0.15,29.0,54.75,83.75,304.75,60.0
0.4,0.1,0.2,15.5,45.5,61.0,327.5,60.0
0.4,0.1,0.25,2.0,36.25,38.25,350.25,60.0
0.4,0.1,0.3,-11.5,27.0,15.5,373.0,60.0
0.5,0.125,0.1,27.12,92.75,119.88,371.38,60.0
0.5,0.125,0.15,15.38,85.75,101.12,390.12,60.0
0.5,0.125,0.2,3.62,72.25,75.88,415.38,60.0
0.5,0.125,0.25,-6.25,58.75,52.5,438.75,60.0
0.5,0.125,0.3,-18.0,45.25,27.25,464.0,60.0
0.6,0.15,0.1,93.5,73.0,166.5,405.75,70.0
0.6,0.15,0.15,81.75,63.75,145.5,426.75,70.0
0.6,0.15,0.2,70.0,54.5,124.5,447.75,60.0
0.6,0.15,0.25,58.25,52.75,111.0,468.75,60.0
0.6,0.15,0.3,46.5,43.5,90.0,489.75,60.0
0.7,0.175,0.1,25.5,41.25,66.75,429.38,60.0
0.7,0.175,0.15,13.75,29.5,43.25,452.88,60.0
0.7,0.175,0.2,10.75,17.75,28.5,476.38,50.0
0.7,0.175,0.25,-1.0,6.0,5.0,499.88,50.0
0.7,0.175,0.3,-12.75,-5.75,-18.5,523.38,50.0
0.7999999999999999,0.1999999999999999,0.1,21.0,23.5,44.5,447.5,70.0
0.7999999999999999,0.1999999999999999,0.15,11.0,14.25,25.25,466.75,70.0
0.7999999999999999,0.1999999999999999,0.2,1.0,5.0,6.0,486.0,70.0
0.7999999999999999,0.1999999999999999,0.25,44.5,-4.25,40.25,467.75,70.0
0.7999999999999999,0.1999999999999999,0.3,37.0,-13.5,23.5,484.5,70.0
0.8999999999999999,0.2249999999999999,0.1,48.5,26.62,75.12,488.5,80.0
0.8999999999999999,0.2249999999999999,0.15,36.75,72.75,109.5,465.38,80.0
0.8999999999999999,0.2249999999999999,0.2,25.0,67.75,92.75,482.12,80.0
0.8999999999999999,0.2249999999999999,0.25,13.25,62.75,76.0,498.88,80.0
0.8999999999999999,0.2249999999999999,0.3,1.5,57.75,59.25,515.62,80.0
1.0,0.2499999999999999,0.1,134.0,50.0,184.0,456.0,80.0
1.0,0.2499999999999999,0.15,124.75,45.0,169.75,470.25,80.0
1.0,0.2499999999999999,0.2,115.5,40.0,155.5,484.5,80.0
1.0,0.2499999999999999,0.25,106.25,42.5,148.75,491.25,80.0
1.0,0.2499999999999999,0.3,97.0,35.75,132.75,507.25,80.0
1.1,0.2749999999999999,0.1,101.62,15.12,116.75,572.12,90.0
1.1,0.2749999999999999,0.15,153.75,59.5,213.25,503.12,90.0
1.1,0.2749999999999999,0.2,144.5,52.75,197.25,519.12,80.0
1.1,0.2749999999999999,0.25,135.25,46.0,181.25,535.12,80.0
1.1,0.2749999999999999,0.3,197.38,43.38,240.75,490.75,90.0
1.1999999999999995,0.2999999999999999,0.1,172.0,-69.5,102.5,632.5,90.0
1.1999999999999995,0.2999999999999999,0.15,162.75,-25.5,137.25,633.75,90.0
1.1999999999999995,0.2999999999999999,0.2,153.5,-32.0,121.5,649.5,90.0
1.1999999999999995,0.2999999999999999,0.25,212.0,-43.0,169.0,617.0,80.0
1.1999999999999995,0.2999999999999999,0.3,207.0,-54.0,153.0,633.0,80.0
1.2999999999999998,0.3249999999999999,0.1,67.5,-56.5,11.0,728.38,70.0
1.2999999999999998,0.3249999999999999,0.15,146.12,-71.75,74.38,697.5,80.0
1.2999999999999998,0.3249999999999999,0.2,141.75,-87.0,54.75,717.12,80.0
1.2999999999999998,0.3249999999999999,0.25,132.5,-102.25,30.25,741.62,60.0
1.2999999999999998,0.3249999999999999,0.3,128.12,-41.62,86.5,719.5,70.0
1.4,0.35,0.1,20.25,-175.5,-155.25,895.5,70.0
1.4,0.35,0.15,73.75,-193.25,-119.5,882.5,70.0
1.4,0.35,0.2,69.75,-211.0,-141.25,904.25,60.0
1.4,0.35,0.25,60.5,-135.75,-75.25,873.25,60.0
1.4,0.35,0.3,51.25,-131.75,-80.5,896.0,60.0
1.4999999999999996,0.3749999999999999,0.1,-35.5,-153.88,-189.38,1005.0,60.0
1.4999999999999996,0.3749999999999999,0.15,-53.25,-169.88,-223.12,1038.75,60.0
1.4999999999999996,0.3749999999999999,0.2,-71.0,-185.88,-256.88,1072.5,60.0
1.4999999999999996,0.3749999999999999,0.25,-78.75,-183.12,-261.88,1077.5,60.0
1.4999999999999996,0.3749999999999999,0.3,-14.62,-115.5,-130.12,983.25,60.0
1.5999999999999996,0.3999999999999999,0.1,-35.5,-136.0,-171.5,1006.5,60.0
1.5999999999999996,0.3999999999999999,0.15,-38.5,-77.25,-115.75,974.25,60.0
1.5999999999999996,0.3999999999999999,0.2,-58.0,-89.0,-147.0,1003.0,60.0
1.5999999999999996,0.3999999999999999,0.25,-57.5,-100.75,-158.25,1034.25,60.0
1.5999999999999996,0.3999999999999999,0.3,-77.0,-112.5,-189.5,1065.5,60.0
1.6999999999999995,0.4249999999999999,0.1,-71.0,-71.0,-142.0,1140.75,60.0
1.6999999999999995,0.4249999999999999,0.15,-69.25,-69.25,-138.5,1137.25,60.0
1.6999999999999995,0.4249999999999999,0.2,-85.25,-85.25,-170.5,1169.25,60.0
1.6999999999999995,0.4249999999999999,0.25,-1.62,-73.62,-75.25,1116.5,60.0
1.6999999999999995,0.4249999999999999,0.3,-15.12,-89.62,-104.75,1146.0,60.0
1.7999999999999998,0.4499999999999999,0.1,-73.5,91.75,18.25,1129.25,70.0
1.7999999999999998,0.4499999999999999,0.15,-87.75,82.5,-5.25,1152.75,70.0
1.7999999999999998,0.4499999999999999,0.2,-102.0,66.5,-35.5,1183.0,70.0
1.7999999999999998,0.4499999999999999,0.25,-93.75,50.5,-43.25,1213.25,80.0
1.7999999999999998,0.4499999999999999,0.3,-73.5,141.75,68.25,1146.75,80.0
1.9,0.4749999999999998,0.1,-135.38,-40.38,-175.75,1208.88,60.0
1.9,0.4749999999999998,0.15,-149.62,-54.62,-204.25,1237.38,60.0
1.9,0.4749999999999998,0.2,-140.12,-68.88,-209.0,1265.88,60.0
1.9,0.4749999999999998,0.25,-154.38,-61.0,-215.38,1272.25,60.0
1.9,0.4749999999999998,0.3,-168.62,-77.0,-245.62,1302.5,60.0
2.0,0.4999999999999999,0.1,-266.0,-112.5,-378.5,1391.0,60.0
2.0,0.4999999999999999,0.15,-280.25,-105.25,-385.5,1398.0,60.0
2.0,0.4999999999999999,0.2,-294.5,-7.0,-301.5,1341.5,60.0
2.0,0.4999999999999999,0.25,-283.75,-18.75,-302.5,1342.5,60.0
2.0,0.4999999999999999,0.3,-298.0,-30.5,-328.5,1368.5,60.0
0.4,0.1,0.1,79.5,213.0,292.5,268.0,80.0
0.4,0.1,0.15,67.75,206.25,274.0,286.5,70.0
0.4,0.1,0.2,86.5,199.5,286.0,280.0,70.0
0.4,0.1,0.25,77.25,192.75,270.0,296.0,70.0
0.4,0.1,0.3,68.0,186.0,254.0,312.0,70.0
0.5,0.125,0.1,72.12,192.5,264.62,311.62,80.0
0.5,0.125,0.15,62.88,187.5,250.38,325.88,80.0
0.5,0.125,0.2,53.62,182.5,236.12,340.12,80.0
0.5,0.125,0.25,44.38,183.75,228.12,354.38,80.0
0.5,0.125,0.3,35.12,178.75,213.88,368.62,80.0
0.6,0.15,0.1,133.5,97.5,231.0,387.75,90.0
0.6,0.15,0.15,126.75,126.75,253.5,387.75,90.0
0.6,0.15,0.2,120.5,157.75,278.25,370.5,90.0
0.6,0.15,0.25,112.0,152.75,264.75,384.0,80.0
0.6,0.15,0.3,103.5,147.75,251.25,397.5,80.0
0.7,0.175,0.1,-5.12,158.25,153.12,385.88,80.0
0.7,0.175,0.15,-16.88,149.0,132.12,406.88,70.0
0.7,0.175,0.2,-28.62,139.75,111.12,427.88,70.0
0.7,0.175,0.25,16.75,130.5,147.25,414.5,70.0
0.7,0.175,0.3,60.12,173.88,234.0,347.0,80.0
0.7999999999999999,0.1999999999999999,0.1,31.5,82.0,113.5,444.5,70.0
0.7999999999999999,0.1999999999999999,0.15,22.25,74.5,96.75,461.25,70.0
0.7999999999999999,0.1999999999999999,0.2,13.0,137.0,150.0,429.0,70.0
0.7999999999999999,0.1999999999999999,0.25,3.75,128.5,132.25,446.75,70.0
0.7999999999999999,0.1999999999999999,0.3,-5.5,120.0,114.5,464.5,70.0
0.8999999999999999,0.2249999999999999,0.1,16.88,71.0,87.88,503.88,90.0
0.8999999999999999,0.2249999999999999,0.15,51.0,59.25,110.25,493.88,90.0
0.8999999999999999,0.2249999999999999,0.2,41.75,103.62,145.38,471.12,90.0
0.8999999999999999,0.2249999999999999,0.25,32.5,100.25,132.75,483.75,90.0
0.8999999999999999,0.2249999999999999,0.3,23.25,90.0,113.25,503.25,80.0
1.0,0.2499999999999999,0.1,44.0,-6.75,37.25,600.25,80.0
1.0,0.2499999999999999,0.15,32.25,-24.5,7.75,629.75,80.0
1.0,0.2499999999999999,0.2,26.0,-42.25,-16.25,653.75,70.0
1.0,0.2499999999999999,0.25,12.5,-60.0,-47.5,685.0,70.0
1.0,0.2499999999999999,0.3,-1.0,-11.5,-12.5,663.75,80.0
1.1,0.2749999999999999,0.1,26.62,-8.38,18.25,617.0,70.0
1.1,0.2749999999999999,0.15,13.12,-20.12,-7.0,642.25,70.0
1.1,0.2749999999999999,0.2,-0.38,-18.12,-18.5,660.62,70.0
1.1,0.2749999999999999,0.25,-13.88,-29.88,-43.75,685.88,70.0
1.1,0.2749999999999999,0.3,-13.62,-41.62,-55.25,711.12,70.0
1.1999999999999995,0.2999999999999999,0.1,-20.0,-51.0,-71.0,761.0,60.0
1.1999999999999995,0.2999999999999999,0.15,-36.0,-65.25,-101.25,791.25,60.0
1.1999999999999995,0.2999999999999999,0.2,-52.0,-79.5,-131.5,821.5,60.0
1.1999999999999995,0.2999999999999999,0.25,-53.0,-89.25,-142.25,847.25,60.0
1.1999999999999995,0.2999999999999999,0.3,-69.0,-103.5,-172.5,877.5,60.0
1.2999999999999998,0.3249999999999999,0.1,-32.0,-7.38,-39.38,819.38,70.0
1.2999999999999998,0.3249999999999999,0.15,-48.0,-21.62,-69.62,849.62,70.0
1.2999999999999998,0.3249999999999999,0.2,-64.0,-35.88,-99.88,879.88,70.0
1.2999999999999998,0.3249999999999999,0.25,-80.0,-50.12,-130.12,910.12,70.0
1.2999999999999998,0.3249999999999999,0.3,-96.0,-64.38,-160.38,940.38,70.0
1.4,0.35,0.1,-89.75,-14.5,-104.25,883.0,70.0
1.4,0.35,0.15,-104.0,-30.5,-134.5,913.25,70.0
1.4,0.35,0.2,-118.25,-46.5,-164.75,943.5,60.0
1.4,0.35,0.25,-132.5,-62.5,-195.0,973.75,60.0
1.4,0.35,0.3,-146.75,-78.5,-225.25,1004.0,60.0
1.4999999999999996,0.3749999999999999,0.1,-43.75,66.25,22.5,926.25,60.0
1.4999999999999996,0.3749999999999999,0.15,-56.25,75.0,18.75,948.75,70.0
1.4999999999999996,0.3749999999999999,0.2,-68.75,65.0,-3.75,971.25,70.0
1.4999999999999996,0.3749999999999999,0.25,-81.25,55.0,-26.25,993.75,70.0
1.4999999999999996,0.3749999999999999,0.3,-93.75,45.0,-48.75,1016.25,60.0
1.5999999999999996,0.3999999999999999,0.1,-38.5,-65.0,-103.5,1033.5,60.0
1.5999999999999996,0.3999999999999999,0.15,-52.75,-57.5,-110.25,1060.25,60.0
1.5999999999999996,0.3999999999999999,0.2,-67.0,22.0,-45.0,1037.0,60.0
1.5999999999999996,0.3999999999999999,0.25,-81.25,12.0,-69.25,1061.25,60.0
1.5999999999999996,0.3999999999999999,0.3,-95.5,22.0,-73.5,1085.5,60.0
1.6999999999999995,0.4249999999999999,0.1,-25.0,-49.75,-74.75,1065.0,60.0
1.6999999999999995,0.4249999999999999,0.15,-37.5,-59.75,-97.25,1087.5,60.0
1.6999999999999995,0.4249999999999999,0.2,-50.0,-69.75,-119.75,1110.0,60.0
1.6999999999999995,0.4249999999999999,0.25,-62.5,-79.75,-142.25,1132.5,60.0
1.6999999999999995,0.4249999999999999,0.3,-75.0,-57.75,-132.75,1144.25,60.0
1.7999999999999998,0.4499999999999999,0.1,-25.0,-96.5,-121.5,1125.0,60.0
1.7999999999999998,0.4499999999999999,0.15,-37.5,-106.5,-144.0,1147.5,60.0
1.7999999999999998,0.4499999999999999,0.2,-50.0,-116.5,-166.5,1170.0,60.0
1.7999999999999998,0.4499999999999999,0.25,-62.5,-126.5,-189.0,1192.5,60.0
1.7999999999999998,0.4499999999999999,0.3,-75.0,-136.5,-211.5,1215.0,60.0
1.9,0.4749999999999998,0.1,77.38,-112.75,-35.38,1104.12,70.0
1.9,0.4749999999999998,0.15,67.38,-42.38,25.0,1100.75,70.0
1.9,0.4749999999999998,0.2,57.38,-54.12,3.25,1122.5,70.0
1.9,0.4749999999999998,0.25,47.38,-65.88,-18.5,1144.25,70.0
1.9,0.4749999999999998,0.3,37.38,-77.62,-40.25,1166.0,70.0
2.0,0.4999999999999999,0.1,-87.5,-112.0,-199.5,1249.5,60.0
2.0,0.4999999999999999,0.15,-100.0,-128.0,-228.0,1278.0,60.0
2.0,0.4999999999999999,0.2,0.0,-144.0,-144.0,1219.0,70.0
2.0,0.4999999999999999,0.25,-10.0,-160.0,-170.0,1245.0,70.0
2.0,0.4999999999999999,0.3,-20.0,-73.0,-93.0,1215.5,70.0
0.4,0.1,0.1,108.5,158.0,266.5,243.0,80.0
0.4,0.1,0.15,124.0,181.0,305.0,215.0,90.0
0.4,0.1,0.2,148.0,178.5,326.5,199.0,90.0
0.4,0.1,0.25,143.75,209.0,352.75,178.25,90.0
0.4,0.1,0.3,139.5,209.0,348.5,182.5,90.0
0.5,0.125,0.1,97.62,47.0,144.62,359.75,70.0
0.5,0.125,0.15,82.38,31.75,114.12,390.25,70.0
0.5,0.125,0.2,67.12,16.5,83.62,420.75,60.0
0.5,0.125,0.25,92.5,41.25,133.75,385.62,70.0
0.5,0.125,0.3,81.5,28.5,110.0,409.38,70.0
0.6,0.15,0.1,133.75,90.25,224.0,433.0,70.0
0.6,0.15,0.15,118.5,74.25,192.75,464.25,60.0
0.6,0.15,0.2,106.0,58.25,164.25,492.75,60.0
0.6,0.15,0.25,89.0,42.25,131.25,525.75,60.0
0.6,0.15,0.3,72.0,26.25,98.25,558.75,60.0
0.7,0.175,0.1,51.75,24.62,76.38,424.12,70.0
0.7,0.175,0.15,40.0,14.62,54.62,445.88,70.0
0.7,0.175,0.2,28.25,6.38,34.62,465.88,60.0
0.7,0.175,0.25,16.5,-5.38,11.12,489.38,60.0
0.7,0.175,0.3,11.75,-17.12,-5.38,514.62,60.0
0.7999999999999999,0.1999999999999999,0.1,-49.0,-19.0,-68.0,499.0,60.0
0.7999999999999999,0.1999999999999999,0.15,-65.0,-29.0,-94.0,525.0,60.0
0.7999999999999999,0.1999999999999999,0.2,-33.0,-39.0,-72.0,522.0,60.0
0.7999999999999999,0.1999999999999999,0.25,-44.75,-49.0,-93.75,543.75,60.0
0.7999999999999999,0.1999999999999999,0.3,-56.5,-59.0,-115.5,565.5,60.0
0.8999999999999999,0.2249999999999999,0.1,-60.12,66.0,5.88,530.75,80.0
0.8999999999999999,0.2249999999999999,0.15,-76.12,58.5,-17.62,554.25,80.0
0.8999999999999999,0.2249999999999999,0.2,-92.12,51.0,-41.12,577.75,80.0
0.8999999999999999,0.2249999999999999,0.25,-108.12,43.5,-64.62,601.25,60.0
0.8999999999999999,0.2249999999999999,0.3,-124.12,36.0,-88.12,624.75,60.0
1.0,0.2499999999999999,0.1,21.5,12.75,34.25,610.75,80.0
1.0,0.2499999999999999,0.15,68.5,108.75,177.25,510.25,90.0
1.0,0.2499999999999999,0.2,59.25,101.25,160.5,527.0,90.0
1.0,0.2499999999999999,0.25,50.0,93.75,143.75,543.75,90.0
1.0,0.2499999999999999,0.3,40.75,86.25,127.0,560.5,80.0
1.1,0.2749999999999999,0.1,-11.12,12.75,1.62,694.12,70.0
1.1,0.2749999999999999,0.15,-22.88,-1.5,-24.38,720.12,70.0
1.1,0.2749999999999999,0.2,-34.62,50.62,16.0,693.5,70.0
1.1,0.2749999999999999,0.25,-46.38,38.88,-7.5,717.0,70.0
1.1,0.2749999999999999,0.3,13.25,95.25,108.5,643.62,80.0
1.1999999999999995,0.2999999999999999,0.1,-162.5,38.0,-124.5,784.5,70.0
1.1999999999999995,0.2999999999999999,0.15,-148.5,26.25,-122.25,797.25,70.0
1.1999999999999995,0.2999999999999999,0.2,-164.5,14.5,-150.0,825.0,70.0
1.1999999999999995,0.2999999999999999,0.25,-112.75,76.75,-36.0,747.0,70.0
1.1999999999999995,0.2999999999999999,0.3,-124.5,67.5,-57.0,768.0,70.0
1.2999999999999998,0.3249999999999999,0.1,-266.25,118.25,-148.0,832.12,70.0
1.2999999999999998,0.3249999999999999,0.15,-284.0,110.75,-173.25,857.38,70.0
1.2999999999999998,0.3249999999999999,0.2,-301.75,103.25,-198.5,882.62,70.0
1.2999999999999998,0.3249999999999999,0.25,-319.5,95.75,-223.75,907.88,70.0
1.2999999999999998,0.3249999999999999,0.3,-337.25,169.88,-167.38,867.75,70.0
1.4,0.35,0.1,-250.75,172.25,-78.5,848.5,70.0
1.4,0.35,0.15,-266.75,164.75,-102.0,872.0,70.0
1.4,0.35,0.2,-282.75,157.25,-125.5,895.5,70.0
1.4,0.35,0.25,-298.75,149.75,-149.0,919.0,70.0
1.4,0.35,0.3,-314.75,229.0,-85.75,875.0,70.0
1.4999999999999996,0.3749999999999999,0.1,-94.12,94.38,0.25,918.5,80.0
1.4999999999999996,0.3749999999999999,0.15,-108.38,84.38,-24.0,942.75,80.0
1.4999999999999996,0.3749999999999999,0.2,-122.62,74.38,-48.25,967.0,70.0
1.4999999999999996,0.3749999999999999,0.25,-136.88,90.0,-46.88,965.62,70.0
1.4999999999999996,0.3749999999999999,0.3,-151.12,76.5,-74.62,993.38,70.0
1.5999999999999996,0.3999999999999999,0.1,-8.5,225.0,216.5,909.5,80.0
1.5999999999999996,0.3999999999999999,0.15,-22.75,217.5,194.75,931.25,80.0
1.5999999999999996,0.3999999999999999,0.2,3.0,210.0,213.0,953.0,80.0
1.5999999999999996,0.3999999999999999,0.25,-11.25,202.5,191.25,974.75,80.0
1.5999999999999996,0.3999999999999999,0.3,-25.5,195.0,169.5,996.5,80.0
1.6999999999999995,0.4249999999999999,0.1,152.12,-21.38,130.75,1040.12,90.0
1.6999999999999995,0.4249999999999999,0.15,184.62,-37.38,147.25,1066.12,90.0
1.6999999999999995,0.4249999999999999,0.2,174.62,-53.38,121.25,1092.12,90.0
1.6999999999999995,0.4249999999999999,0.25,164.62,17.75,182.38,1052.25,90.0
1.6999999999999995,0.4249999999999999,0.3,175.88,6.0,181.88,1074.0,90.0
1.7999999999999998,0.4499999999999999,0.1,162.25,113.75,276.0,1006.5,80.0
1.7999999999999998,0.4499999999999999,0.15,152.25,124.5,276.75,1028.25,80.0
1.7999999999999998,0.4499999999999999,0.2,142.25,112.75,255.0,1050.0,80.0
1.7999999999999998,0.4499999999999999,0.25,199.75,101.0,300.75,1071.75,90.0
1.7999999999999998,0.4499999999999999,0.3,189.75,89.25,279.0,1093.5,90.0
1.9,0.4749999999999998,0.1,19.0,-25.0,-6.0,1217.25,70.0
1.9,0.4749999999999998,0.15,4.75,-37.5,-32.75,1244.0,70.0
1.9,0.4749999999999998,0.2,121.62,-50.0,71.62,1187.12,70.0
1.9,0.4749999999999998,0.25,109.88,-62.5,47.38,1211.38,70.0
1.9,0.4749999999999998,0.3,98.12,-75.0,23.12,1235.62,70.0
2.0,0.4999999999999999,0.1,21.5,0.0,21.5,1278.5,70.0
2.0,0.4999999999999999,0.15,7.25,-12.5,-5.25,1305.25,70.0
2.0,0.4999999999999999,0.2,-7.0,-25.0,-32.0,1332.0,70.0
2.0,0.4999999999999999,0.25,-21.25,-37.5,-58.75,1358.75,70.0
2.0,0.4999999999999999,0.3,-35.5,-50.0,-85.5,1385.5,70.0
0.4,0.1,0.1,97.0,148.5,245.5,288.0,60.0
0.4,0.1,0.15,85.25,141.0,226.25,307.25,60.0
0.4,0.1,0.2,78.5,133.5,212.0,326.5,60.0
0.4,0.1,0.25,64.5,126.0,190.5,348.0,60.0
0.4,0.1,0.3,86.5,118.5,205.0,339.0,70.0
0.5,0.125,0.1,84.88,107.75,192.62,342.38,80.0
0.5,0.125,0.15,103.5,98.5,202.0,344.88,80.0
0.5,0.125,0.2,94.25,124.88,219.12,334.0,80.0
0.5,0.125,0.25,91.25,118.12,209.38,350.0,70.0
0.5,0.125,0.3,122.62,111.38,234.0,338.5,80.0
0.6,0.15,0.1,26.5,198.75,225.25,406.25,80.0
0.6,0.15,0.15,87.0,192.0,279.0,367.5,80.0
0.6,0.15,0.2,76.0,185.25,261.25,385.25,80.0
0.6,0.15,0.25,65.0,178.5,243.5,403.0,80.0
0.6,0.15,0.3,54.0,217.5,271.5,382.5,80.0
0.7,0.175,0.1,78.0,124.12,202.12,363.12,80.0
0.7,0.175,0.15,66.25,113.12,179.38,385.88,80.0
0.7,0.175,0.2,56.25,146.25,202.5,376.75,80.0
0.7,0.175,0.25,91.12,139.5,230.62,357.38,80.0
0.7,0.175,0.3,80.12,132.75,212.88,375.12,80.0
0.7999999999999999,0.1999999999999999,0.1,42.5,27.0,69.5,485.5,80.0
0.7999999999999999,0.1999999999999999,0.15,28.25,13.5,41.75,513.25,70.0
0.7999999999999999,0.1999999999999999,0.2,24.0,0.0,24.0,541.0,80.0
0.7999999999999999,0.1999999999999999,0.25,9.75,-13.5,-3.75,568.75,70.0
0.7999999999999999,0.1999999999999999,0.3,5.5,-27.0,-21.5,596.5,80.0
0.8999999999999999,0.2249999999999999,0.1,73.25,-50.5,22.75,552.12,80.0
0.8999999999999999,0.2249999999999999,0.15,61.5,-62.25,-0.75,575.62,80.0
0.8999999999999999,0.2249999999999999,0.2,49.75,-74.0,-24.25,599.12,80.0
0.8999999999999999,0.2249999999999999,0.25,38.0,-68.62,-30.62,616.75,80.0
0.8999999999999999,0.2249999999999999,0.3,26.25,-82.12,-55.88,642.0,70.0
1.0,0.2499999999999999,0.1,115.25,-59.75,55.5,614.5,80.0
1.0,0.2499999999999999,0.15,103.5,-71.5,32.0,638.0,80.0
1.0,0.2499999999999999,0.2,91.75,-83.25,8.5,661.5,80.0
1.0,0.2499999999999999,0.25,80.0,-95.0,-15.0,685.0,70.0
1.0,0.2499999999999999,0.3,68.25,-106.75,-38.5,708.5,60.0
1.1,0.2749999999999999,0.1,132.62,-183.62,-51.0,712.38,60.0
1.1,0.2749999999999999,0.15,122.62,-193.62,-71.0,732.38,60.0
1.1,0.2749999999999999,0.2,112.62,-203.62,-91.0,752.38,60.0
1.1,0.2749999999999999,0.25,125.5,-213.62,-88.12,763.25,60.0
1.1,0.2749999999999999,0.3,113.75,-223.62,-109.88,785.0,60.0
1.1999999999999995,0.2999999999999999,0.1,139.0,-243.5,-104.5,803.5,60.0
1.1999999999999995,0.2999999999999999,0.15,129.0,-253.5,-124.5,823.5,60.0
1.1999999999999995,0.2999999999999999,0.2,119.0,-263.5,-144.5,843.5,60.0
1.1999999999999995,0.2999999999999999,0.25,109.0,-273.5,-164.5,863.5,60.0
1.1999999999999995,0.2999999999999999,0.3,99.0,-283.5,-184.5,883.5,60.0
1.2999999999999998,0.3249999999999999,0.1,176.62,-160.0,16.62,830.0,80.0
1.2999999999999998,0.3249999999999999,0.15,166.62,-171.75,-5.12,851.75,80.0
1.2999999999999998,0.3249999999999999,0.2,156.62,-183.5,-26.88,873.5,70.0
1.2999999999999998,0.3249999999999999,0.25,146.62,-195.25,-48.62,895.25,70.0
1.2999999999999998,0.3249999999999999,0.3,147.25,-207.0,-59.75,906.38,70.0
1.4,0.35,0.1,191.75,-196.75,-5.0,890.5,70.0
1.4,0.35,0.15,181.75,-208.5,-26.75,912.25,60.0
1.4,0.35,0.2,171.75,-220.25,-48.5,934.0,60.0
1.4,0.35,0.25,179.25,-232.0,-52.75,955.75,60.0
1.4,0.35,0.3,169.25,-243.75,-74.5,977.5,60.0
1.4999999999999996,0.3749999999999999,0.1,131.88,-130.62,1.25,872.5,70.0
1.4999999999999996,0.3749999999999999,0.15,121.88,-140.62,-18.75,892.5,70.0
1.4999999999999996,0.3749999999999999,0.2,111.88,-150.62,-38.75,912.5,60.0
1.4999999999999996,0.3749999999999999,0.25,101.88,-145.0,-43.12,920.0,60.0
1.4999999999999996,0.3749999999999999,0.3,91.88,-156.75,-64.88,938.62,60.0
1.5999999999999996,0.3999999999999999,0.1,72.0,-198.5,-126.5,986.5,60.0
1.5999999999999996,0.3999999999999999,0.15,62.0,-206.75,-144.75,1004.75,60.0
1.5999999999999996,0.3999999999999999,0.2,52.0,-122.0,-70.0,978.0,60.0
1.5999999999999996,0.3999999999999999,0.25,42.0,-132.0,-90.0,998.0,60.0
1.5999999999999996,0.3999999999999999,0.3,32.0,-142.0,-110.0,1018.0,60.0
1.6999999999999995,0.4249999999999999,0.1,159.25,-219.75,-60.5,1027.38,70.0
1.6999999999999995,0.4249999999999999,0.15,147.5,-234.0,-86.5,1053.38,60.0
1.6999999999999995,0.4249999999999999,0.2,135.75,-248.25,-112.5,1079.38,60.0
1.6999999999999995,0.4249999999999999,0.25,124.0,-262.5,-138.5,1105.38,60.0
1.6999999999999995,0.4249999999999999,0.3,112.25,-276.75,-164.5,1131.38,60.0
1.7999999999999998,0.4499999999999999,0.1,121.25,-242.25,-121.0,1201.0,70.0
1.7999999999999998,0.4499999999999999,0.15,131.25,-256.5,-125.25,1227.75,70.0
1.7999999999999998,0.4499999999999999,0.2,163.5,-270.75,-107.25,1232.25,70.0
1.7999999999999998,0.4499999999999999,0.25,149.25,-285.0,-135.75,1260.75,70.0
1.7999999999999998,0.4499999999999999,0.3,135.0,-299.25,-164.25,1289.25,70.0
1.9,0.4749999999999998,0.1,85.5,-195.75,-110.25,1157.62,70.0
1.9,0.4749999999999998,0.15,71.25,-205.75,-134.5,1181.88,60.0
1.9,0.4749999999999998,0.2,57.0,-175.25,-118.25,1189.38,60.0
1.9,0.4749999999999998,0.25,175.62,-187.0,-11.38,1153.75,70.0
1.9,0.4749999999999998,0.3,178.88,-198.75,-19.88,1162.25,70.0
2.0,0.4999999999999999,0.1,-28.5,-255.0,-283.5,1273.5,50.0
2.0,0.4999999999999999,0.15,-42.75,-265.0,-307.75,1297.75,50.0
2.0,0.4999999999999999,0.2,-57.0,-250.0,-307.0,1297.0,50.0
2.0,0.4999999999999999,0.25,-71.25,-260.0,-331.25,1321.25,50.0
2.0,0.4999999999999999,0.3,-85.5,-270.0,-355.5,1345.5,50.0
0.4,0.1,0.1,111.0,85.0,196.0,263.0,70.0
0.4,0.1,0.15,106.75,67.25,174.0,285.0,60.0
0.4,0.1,0.2,102.5,49.5,152.0,307.0,60.0
0.4,0.1,0.25,98.25,31.75,130.0,329.0,50.0
0.4,0.1,0.3,94.0,14.0,108.0,351.0,50.0
0.5,0.125,0.1,27.0,27.75,54.75,405.25,60.0
0.5,0.125,0.15,11.75,13.5,25.25,434.75,50.0
0.5,0.125,0.2,-3.5,-0.75,-4.25,464.25,50.0
0.5,0.125,0.25,-18.75,-15.0,-33.75,493.75,50.0
0.5,0.125,0.3,-34.0,-29.25,-63.25,523.25,50.0
0.6,0.15,0.1,93.5,119.75,213.25,385.25,80.0
0.6,0.15,0.15,81.75,114.75,196.5,402.0,80.0
0.6,0.15,0.2,70.0,109.75,179.75,418.75,80.0
0.6,0.15,0.25,58.25,104.75,163.0,435.5,80.0
0.6,0.15,0.3,46.5,99.75,146.25,452.25,80.0
0.7,0.175,0.1,91.75,16.5,108.25,379.12,70.0
0.7,0.175,0.15,84.25,7.25,91.5,395.88,70.0
0.7,0.175,0.2,76.75,-2.0,74.75,412.62,70.0
0.7,0.175,0.25,69.25,-11.25,58.0,429.38,70.0
0.7,0.175,0.3,61.75,-20.5,41.25,446.12,70.0
0.7999999999999999,0.1999999999999999,0.1,51.5,-31.5,20.0,403.0,80.0
0.7999999999999999,0.1999999999999999,0.15,42.25,-40.75,1.5,421.5,80.0
0.7999999999999999,0.1999999999999999,0.2,33.0,-50.0,-17.0,440.0,70.0
0.7999999999999999,0.1999999999999999,0.25,23.75,-59.25,-35.5,458.5,70.0
0.7999999999999999,0.1999999999999999,0.3,14.5,-68.5,-54.0,477.0,60.0
0.8999999999999999,0.2249999999999999,0.1,-51.25,-7.12,-58.38,502.75,70.0
0.8999999999999999,0.2249999999999999,0.15,-69.0,-14.62,-83.62,528.0,70.0
0.8999999999999999,0.2249999999999999,0.2,-86.75,-22.12,-108.88,553.25,70.0
0.8999999999999999,0.2249999999999999,0.25,-104.5,-29.62,-134.12,578.5,70.0
0.8999999999999999,0.2249999999999999,0.3,-111.0,-37.12,-148.12,603.75,70.0
1.0,0.2499999999999999,0.1,-13.25,19.25,6.0,589.0,70.0
1.0,0.2499999999999999,0.15,29.5,5.75,35.25,572.25,70.0
1.0,0.2499999999999999,0.2,16.0,-7.75,8.25,599.25,70.0
1.0,0.2499999999999999,0.25,2.5,-21.25,-18.75,626.25,70.0
1.0,0.2499999999999999,0.3,-11.0,-34.75,-45.75,653.25,70.0
1.1,0.2749999999999999,0.1,-52.5,2.38,-50.12,717.0,60.0
1.1,0.2749999999999999,0.15,-65.0,0.12,-64.88,745.5,50.0
1.1,0.2749999999999999,0.2,-11.12,-15.88,-27.0,721.38,60.0
1.1,0.2749999999999999,0.25,-21.12,-22.75,-43.88,738.25,60.0
1.1,0.2749999999999999,0.3,-5.88,-40.5,-46.38,754.5,70.0
1.1999999999999995,0.2999999999999999,0.1,-100.0,62.0,-38.0,765.5,70.0
1.1999999999999995,0.2999999999999999,0.15,-112.5,44.25,-68.25,795.75,60.0
1.1999999999999995,0.2999999999999999,0.2,-125.0,26.5,-98.5,826.0,60.0
1.1999999999999995,0.2999999999999999,0.25,-137.5,8.75,-128.75,856.25,60.0
1.1999999999999995,0.2999999999999999,0.3,-150.0,-9.0,-159.0,886.5,60.0
1.2999999999999998,0.3249999999999999,0.1,30.38,10.62,41.0,742.25,70.0
1.2999999999999998,0.3249999999999999,0.15,20.38,-1.12,19.25,764.0,70.0
1.2999999999999998,0.3249999999999999,0.2,10.38,-12.88,-2.5,785.75,70.0
1.2999999999999998,0.3249999999999999,0.25,0.38,-24.62,-24.25,807.5,70.0
1.2999999999999998,0.3249999999999999,0.3,-9.62,-36.38,-46.0,829.25,70.0
1.4,0.35,0.1,36.0,-16.25,19.75,848.25,70.0
1.4,0.35,0.15,24.25,50.5,74.75,812.5,70.0
1.4,0.35,0.2,12.5,40.5,53.0,834.25,70.0
1.4,0.35,0.25,0.75,30.5,31.25,856.0,70.0
1.4,0.35,0.3,-11.0,20.5,9.5,877.75,70.0
1.4999999999999996,0.3749999999999999,0.1,9.0,38.12,47.12,929.75,80.0
1.4999999999999996,0.3749999999999999,0.15,-5.25,28.12,22.88,954.0,80.0
1.4999999999999996,0.3749999999999999,0.2,-7.75,18.12,10.38,966.5,80.0
1.4999999999999996,0.3749999999999999,0.25,65.62,8.12,73.75,933.12,80.0
1.4999999999999996,0.3749999999999999,0.3,52.12,95.62,147.75,885.38,80.0
1.5999999999999996,0.3999999999999999,0.1,158.5,58.5,217.0,883.0,80.0
1.5999999999999996,0.3999999999999999,0.15,167.5,46.75,214.25,885.75,80.0
1.5999999999999996,0.3999999999999999,0.2,154.0,41.0,195.0,905.0,80.0
1.5999999999999996,0.3999999999999999,0.25,140.5,29.25,169.75,930.25,80.0
1.5999999999999996,0.3999999999999999,0.3,127.0,17.5,144.5,955.5,70.0
1.6999999999999995,0.4249999999999999,0.1,108.25,21.12,129.38,1028.75,90.0
1.6999999999999995,0.4249999999999999,0.15,92.25,21.12,113.38,1044.75,90.0
1.6999999999999995,0.4249999999999999,0.2,159.12,86.25,245.38,961.62,90.0
1.6999999999999995,0.4249999999999999,0.25,147.38,72.75,220.12,986.88,70.0
1.6999999999999995,0.4249999999999999,0.3,156.88,59.25,216.12,1012.12,80.0
1.7999999999999998,0.4499999999999999,0.1,117.75,324.0,441.75,1045.5,100.0
1.7999999999999998,0.4499999999999999,0.15,103.5,310.5,414.0,1073.25,100.0
1.7999999999999998,0.4499999999999999,0.2,89.25,319.5,408.75,1101.0,90.0
1.7999999999999998,0.4499999999999999,0.25,75.0,306.0,381.0,1128.75,80.0
1.7999999999999998,0.4499999999999999,0.3,60.75,292.5,353.25,1156.5,80.0
1.9,0.4749999999999998,0.1,46.38,369.88,416.25,1001.62,80.0
1.9,0.4749999999999998,0.15,30.38,358.88,389.25,1028.62,80.0
1.9,0.4749999999999998,0.2,14.38,438.5,452.88,995.88,90.0
1.9,0.4749999999999998,0.25,-1.62,455.5,453.88,1018.62,90.0
1.9,0.4749999999999998,0.3,-17.62,448.75,431.12,1041.38,90.0
2.0,0.4999999999999999,0.1,66.5,205.5,272.0,1168.0,90.0
2.0,0.4999999999999999,0.15,79.75,332.0,411.75,1118.25,90.0
2.0,0.4999999999999999,0.2,68.0,318.5,386.5,1143.5,90.0
2.0,0.4999999999999999,0.25,56.25,305.0,361.25,1168.75,90.0
2.0,0.4999999999999999,0.3,44.5,316.5,361.0,1194.0,90.0
0.4,0.1,0.1,106.0,137.0,243.0,219.0,80.0
0.4,0.1,0.15,97.5,134.5,232.0,230.0,80.0
0.4,0.1,0.2,121.5,162.5,284.0,189.0,90.0
0.4,0.1,0.25,117.25,162.5,279.75,193.25,90.0
0.4,0.1,0.3,113.0,162.5,275.5,197.5,90.0
0.5,0.125,0.1,191.25,183.38,374.62,247.25,90.0
0.5,0.125,0.15,188.75,179.12,367.88,254.0,90.0
0.5,0.125,0.2,186.25,174.88,361.12,260.75,90.0
0.5,0.125,0.25,183.75,170.62,354.38,267.5,90.0
0.5,0.125,0.3,181.25,166.38,347.62,274.25,90.0
0.6,0.15,0.1,244.0,62.5,306.5,346.75,80.0
0.6,0.15,0.15,241.5,47.25,288.75,364.5,70.0
0.6,0.15,0.2,239.0,32.0,271.0,382.25,70.0
0.6,0.15,0.25,279.75,104.5,384.25,301.25,90.0
0.6,0.15,0.3,279.75,96.0,375.75,309.75,90.0
0.7,0.175,0.1,23.75,-49.75,-26.0,399.62,60.0
0.7,0.175,0.15,51.88,-63.25,-11.38,394.62,70.0
0.7,0.175,0.2,39.12,-76.75,-37.62,420.88,70.0
0.7,0.175,0.25,74.75,-90.25,-15.5,407.5,70.0
0.7,0.175,0.3,66.25,-103.75,-37.5,429.5,60.0
0.7999999999999999,0.1999999999999999,0.1,-38.0,-109.0,-147.0,484.0,60.0
0.7999999999999999,0.1999999999999999,0.15,-3.0,-119.0,-122.0,475.0,60.0
0.7999999999999999,0.1999999999999999,0.2,-14.0,-126.0,-140.0,493.0,60.0
0.7999999999999999,0.1999999999999999,0.25,-25.0,-137.75,-162.75,515.75,60.0
0.7999999999999999,0.1999999999999999,0.3,-36.0,-149.5,-185.5,538.5,60.0
0.8999999999999999,0.2249999999999999,0.1,-25.88,-60.0,-85.88,503.25,70.0
0.8999999999999999,0.2249999999999999,0.15,-39.38,-13.88,-53.25,483.0,70.0
0.8999999999999999,0.2249999999999999,0.2,-1.0,-18.88,-19.88,460.88,70.0
0.8999999999999999,0.2249999999999999,0.25,-10.25,-23.88,-34.12,475.12,70.0
0.8999999999999999,0.2249999999999999,0.3,41.62,-17.62,24.0,429.38,80.0
1.0,0.2499999999999999,0.1,-80.75,-91.0,-171.75,561.75,50.0
1.0,0.2499999999999999,0.15,-94.25,-102.75,-197.0,587.0,50.0
1.0,0.2499999999999999,0.2,-52.0,-53.25,-105.25,525.25,60.0
1.0,0.2499999999999999,0.25,-61.25,-62.5,-123.75,543.75,60.0
1.0,0.2499999999999999,0.3,-70.5,-71.75,-142.25,562.25,60.0
1.1,0.2749999999999999,0.1,-35.88,-73.0,-108.88,620.38,70.0
1.1,0.2749999999999999,0.15,-47.62,-76.25,-123.88,635.38,70.0
1.1,0.2749999999999999,0.2,-38.88,33.62,-5.25,582.75,80.0
1.1,0.2749999999999999,0.25,-52.38,28.62,-23.75,601.25,80.0
1.1,0.2749999999999999,0.3,-65.88,23.62,-42.25,619.75,70.0
1.1999999999999995,0.2999999999999999,0.1,-22.0,-178.5,-200.5,727.0,60.0
1.1999999999999995,0.2999999999999999,0.15,-33.75,-192.75,-226.5,753.0,60.0
1.1999999999999995,0.2999999999999999,0.2,18.0,-127.5,-109.5,669.0,70.0
1.1999999999999995,0.2999999999999999,0.25,99.5,-68.75,30.75,588.75,80.0
1.1999999999999995,0.2999999999999999,0.3,94.5,-78.0,16.5,603.0,80.0
1.2999999999999998,0.3249999999999999,0.1,2.5,-122.88,-120.38,715.12,60.0
1.2999999999999998,0.3249999999999999,0.15,-9.25,-136.38,-145.62,740.38,60.0
1.2999999999999998,0.3249999999999999,0.2,-6.88,-82.5,-89.38,710.12,70.0
1.2999999999999998,0.3249999999999999,0.25,-20.38,-91.75,-112.12,732.88,70.0
1.2999999999999998,0.3249999999999999,0.3,-33.88,-101.0,-134.88,755.62,70.0
1.4,0.35,0.1,9.75,-175.5,-165.75,806.25,50.0
1.4,0.35,0.15,65.0,-114.0,-49.0,731.5,60.0
1.4,0.35,0.2,57.5,-129.25,-71.75,754.25,60.0
1.4,0.35,0.25,50.0,-144.5,-94.5,777.0,60.0
1.4,0.35,0.3,42.5,-159.75,-117.25,799.75,60.0
1.4999999999999996,0.3749999999999999,0.1,-87.25,-244.12,-331.38,923.88,50.0
1.4999999999999996,0.3749999999999999,0.15,-99.0,-239.25,-338.25,930.75,50.0
1.4999999999999996,0.3749999999999999,0.2,-110.75,-255.25,-366.0,958.5,50.0
1.4999999999999996,0.3749999999999999,0.25,-122.5,-271.25,-393.75,986.25,50.0
1.4999999999999996,0.3749999999999999,0.3,-134.25,-287.25,-421.5,1014.0,50.0
1.5999999999999996,0.3999999999999999,0.1,-129.5,-285.0,-414.5,1014.5,50.0
1.5999999999999996,0.3999999999999999,0.15,-147.25,-276.75,-424.0,1024.0,50.0
1.5999999999999996,0.3999999999999999,0.2,-159.0,-271.0,-430.0,1050.0,50.0
1.5999999999999996,0.3999999999999999,0.25,-81.5,-285.25,-366.75,1060.75,50.0
1.5999999999999996,0.3999999999999999,0.3,-95.0,-299.5,-394.5,1088.5,50.0
1.6999999999999995,0.4249999999999999,0.1,-106.38,-134.75,-241.12,999.75,60.0
1.6999999999999995,0.4249999999999999,0.15,-111.75,-144.75,-256.5,1015.12,60.0
1.6999999999999995,0.4249999999999999,0.2,-102.88,-154.75,-257.62,1016.25,60.0
1.6999999999999995,0.4249999999999999,0.25,-116.38,-143.5,-259.88,1039.75,60.0
1.6999999999999995,0.4249999999999999,0.3,-123.5,-121.5,-245.0,1046.12,60.0
1.7999999999999998,0.4499999999999999,0.1,-212.5,-190.5,-403.0,1136.5,70.0
1.7999999999999998,0.4499999999999999,0.15,-224.25,-204.75,-429.0,1162.5,60.0
1.7999999999999998,0.4499999999999999,0.2,-236.0,-203.5,-439.5,1173.0,60.0
1.7999999999999998,0.4499999999999999,0.25,-247.75,-219.5,-467.25,1200.75,60.0
1.7999999999999998,0.4499999999999999,0.3,-259.5,-235.5,-495.0,1228.5,60.0
1.8999999999999997,0.4749999999999998,0.1,22.88,-147.25,-124.38,1112.38,70.0
1.8999999999999997,0.4749999999999998,0.15,121.38,-161.5,-40.12,1085.12,70.0
1.8999999999999997,0.4749999999999998,0.2,110.38,-175.75,-65.38,1110.38,70.0
1.8999999999999997,0.4749999999999998,0.25,99.38,-190.0,-90.62,1135.62,70.0
1.8999999999999997,0.4749999999999998,0.3,88.38,-180.5,-92.12,1160.88,70.0
2.0,0.4999999999999999,0.1,-66.0,-203.5,-269.5,1257.0,60.0
2.0,0.4999999999999999,0.15,-60.5,-217.75,-278.25,1265.75,60.0
2.0,0.4999999999999999,0.2,-76.5,-232.0,-308.5,1296.0,60.0
2.0,0.4999999999999999,0.25,137.5,-246.25,-108.75,1176.25,60.0
2.0,0.4999999999999999,0.3,126.5,-260.5,-134.0,1201.5,60.0
0.4,0.1,0.1,139.0,116.0,255.0,243.0,80.0
0.4,0.1,0.15000000000000002,128.0,113.5,241.5,256.5,80.0
0.4,0.1,0.20000000000000004,149.5,111.0,260.5,242.5,80.0
0.4,0.1,0.25000000000000006,142.75,108.5,251.25,251.75,80.0
0.4,0.1,0.30000000000000004,136.0,106.0,242.0,261.0,80.0
0.5,0.125,0.1,170.25,42.0,212.25,341.5,80.0
0.5,0.125,0.15000000000000002,163.88,26.75,190.62,363.12,80.0
0.5,0.125,0.20000000000000004,152.88,11.5,164.38,389.38,70.0
0.5,0.125,0.25000000000000006,141.88,36.88,178.75,381.25,70.0
0.5,0.125,0.30000000000000004,130.88,25.88,156.75,403.25,70.0
0.6,0.15,0.1,91.75,75.5,167.25,465.0,70.0
0.6,0.15,0.15000000000000002,81.75,57.75,139.5,492.75,60.0
0.6,0.15,0.20000000000000004,74.5,82.5,157.0,483.5,60.0
0.6,0.15,0.25000000000000006,61.5,69.0,130.5,510.0,60.0
0.6,0.15,0.30000000000000004,48.0,101.25,149.25,498.75,70.0
0.7,0.175,0.1,47.38,-8.38,39.0,451.88,60.0
0.7,0.175,0.15000000000000002,75.5,-10.38,65.12,443.25,80.0
0.7,0.175,0.20000000000000004,68.0,-24.62,43.38,465.0,70.0
0.7,0.175,0.25000000000000006,60.5,-42.38,18.12,490.25,70.0
0.7,0.175,0.30000000000000004,53.0,-60.12,-7.12,515.5,70.0
0.7999999999999999,0.19999999999999998,0.1,0.5,-10.0,-9.5,525.5,70.0
0.7999999999999999,0.19999999999999998,0.15000000000000002,-6.5,7.0,0.5,535.5,70.0
0.7999999999999999,0.19999999999999998,0.20000000000000004,-20.0,-9.0,-29.0,565.0,70.0
0.7999999999999999,0.19999999999999998,0.25000000000000006,-33.5,-25.0,-58.5,594.5,70.0
0.7999999999999999,0.19999999999999998,0.30000000000000004,-47.0,-41.0,-88.0,624.0,60.0
0.8999999999999999,0.22499999999999998,0.1,-58.25,-2.0,-60.25,573.25,60.0
0.8999999999999999,0.22499999999999998,0.15000000000000002,-57.0,-12.0,-69.0,593.25,60.0
0.8999999999999999,0.22499999999999998,0.20000000000000004,-67.0,-22.0,-89.0,613.25,60.0
0.8999999999999999,0.22499999999999998,0.25000000000000006,-77.0,-20.75,-97.75,633.25,60.0
0.8999999999999999,0.22499999999999998,0.30000000000000004,-75.75,-30.75,-106.5,653.25,60.0
0.9999999999999999,0.24999999999999997,0.1,-156.25,-6.25,-162.5,676.25,70.0
0.9999999999999999,0.24999999999999997,0.15000000000000002,-153.75,-16.25,-170.0,696.25,70.0
0.9999999999999999,0.24999999999999997,0.20000000000000004,-163.75,-26.25,-190.0,716.25,70.0
0.9999999999999999,0.24999999999999997,0.25000000000000006,-173.75,-36.25,-210.0,736.25,70.0
0.9999999999999999,0.24999999999999997,0.30000000000000004,-183.75,-46.25,-230.0,756.25,70.0
1.0999999999999999,0.27499999999999997,0.1,-100.5,5.38,-95.12,655.88,70.0
1.0999999999999999,0.27499999999999997,0.15000000000000002,-112.25,-6.38,-118.62,676.88,70.0
1.0999999999999999,0.27499999999999997,0.20000000000000004,-124.0,-18.12,-142.12,700.38,70.0
1.0999999999999999,0.27499999999999997,0.25000000000000006,-135.75,-29.88,-165.62,723.88,70.0
1.0999999999999999,0.27499999999999997,0.30000000000000004,-147.5,-41.62,-189.12,747.38,70.0
1.1999999999999997,0.29999999999999993,0.1,-117.5,22.0,-95.5,704.5,70.0
1.1999999999999997,0.29999999999999993,0.15000000000000002,-74.25,12.75,-61.5,687.0,70.0
1.1999999999999997,0.29999999999999993,0.20000000000000004,-86.0,3.5,-82.5,708.0,70.0
1.1999999999999997,0.29999999999999993,0.25000000000000006,-97.75,-5.75,-103.5,729.0,70.0
1.1999999999999997,0.29999999999999993,0.30000000000000004,-109.5,-15.0,-124.5,750.0,70.0
1.2999999999999998,0.32499999999999996,0.1,75.62,10.62,86.25,758.75,80.0
1.2999999999999998,0.32499999999999996,0.15000000000000002,63.88,-1.12,62.75,782.25,80.0
1.2999999999999998,0.32499999999999996,0.20000000000000004,52.12,54.5,106.62,756.25,80.0
1.2999999999999998,0.32499999999999996,0.25000000000000006,40.38,47.0,87.38,775.5,80.0
1.2999999999999998,0.32499999999999996,0.30000000000000004,28.62,39.5,68.12,794.75,80.0
1.4,0.35,0.1,118.25,-124.75,-6.5,890.25,60.0
1.4,0.35,0.15000000000000002,106.5,7.25,113.75,806.75,70.0
1.4,0.35,0.20000000000000004,94.75,-0.25,94.5,826.0,70.0
1.4,0.35,0.25000000000000006,83.0,-7.75,75.25,845.25,70.0
1.4,0.35,0.30000000000000004,71.25,-15.25,56.0,864.5,70.0
1.4999999999999996,0.3749999999999999,0.1,142.38,-130.62,11.75,935.12,70.0
1.4999999999999996,0.3749999999999999,0.15000000000000002,126.38,-140.62,-14.25,961.12,70.0
1.4999999999999996,0.3749999999999999,0.20000000000000004,110.38,-150.62,-40.25,987.12,70.0
1.4999999999999996,0.3749999999999999,0.25000000000000006,94.38,-160.62,-66.25,1013.12,70.0
1.4999999999999996,0.3749999999999999,0.30000000000000004,78.38,-78.75,-0.38,977.25,80.0
1.5999999999999996,0.3999999999999999,0.1,247.5,-176.0,71.5,1008.5,80.0
1.5999999999999996,0.3999999999999999,0.15000000000000002,253.25,-192.0,61.25,1038.75,70.0
1.5999999999999996,0.3999999999999999,0.20000000000000004,239.0,-208.0,31.0,1069.0,70.0
1.5999999999999996,0.3999999999999999,0.25000000000000006,224.75,-204.0,20.75,1079.25,80.0
1.5999999999999996,0.3999999999999999,0.30000000000000004,210.5,-220.0,-9.5,1109.5,80.0
1.6999999999999997,0.42499999999999993,0.1,173.38,-206.25,-32.88,1095.38,70.0
1.6999999999999997,0.42499999999999993,0.15000000000000002,159.12,-222.25,-63.12,1125.62,70.0
1.6999999999999997,0.42499999999999993,0.20000000000000004,144.88,-238.25,-93.38,1155.88,70.0
1.6999999999999997,0.42499999999999993,0.25000000000000006,130.62,-254.25,-123.62,1186.12,70.0
1.6999999999999997,0.42499999999999993,0.30000000000000004,116.38,-270.25,-153.88,1216.38,70.0
1.7999999999999998,0.44999999999999996,0.1,211.0,-261.25,-50.25,1164.0,70.0
1.7999999999999998,0.44999999999999996,0.15000000000000002,195.0,-273.75,-78.75,1192.5,70.0
1.7999999999999998,0.44999999999999996,0.20000000000000004,179.0,-270.75,-91.75,1205.5,70.0
1.7999999999999998,0.44999999999999996,0.25000000000000006,163.0,-262.5,-99.5,1235.75,60.0
1.7999999999999998,0.44999999999999996,0.30000000000000004,147.0,-276.75,-129.75,1266.0,60.0
1.8999999999999995,0.47499999999999987,0.1,-96.25,-171.0,-267.25,1252.88,60.0
1.8999999999999995,0.47499999999999987,0.15000000000000002,-108.75,-185.25,-294.0,1279.62,60.0
1.8999999999999995,0.47499999999999987,0.20000000000000004,-121.25,-199.5,-320.75,1306.38,60.0
1.8999999999999995,0.47499999999999987,0.25000000000000006,-118.75,-213.75,-332.5,1320.62,60.0
1.8999999999999995,0.47499999999999987,0.30000000000000004,-133.0,-228.0,-361.0,1346.62,60.0
1.9999999999999996,0.4999999999999999,0.1,-57.0,-175.0,-232.0,1344.5,70.0
1.9999999999999996,0.4999999999999999,0.15000000000000002,-73.0,-162.5,-235.5,1373.0,70.0
1.9999999999999996,0.4999999999999999,0.20000000000000004,-89.0,-175.0,-264.0,1401.5,70.0
1.9999999999999996,0.4999999999999999,0.25000000000000006,-105.0,-187.5,-292.5,1430.0,70.0
1.9999999999999996,0.4999999999999999,0.30000000000000004,-121.0,-200.0,-321.0,1458.5,70.0
